Id,nazwa,rzeka,rok,msc,dzien,H,Q,X,Y
150190200,LGOTA NADWARCIE,Warta (18),2023,1,1,89,0.97,99.9,11
150190200,LGOTA NADWARCIE,Warta (18),2023,1,2,89,0.96,99.9,11
150190200,LGOTA NADWARCIE,Warta (18),2023,1,3,89,0.97,99.9,11
150190200,LGOTA NADWARCIE,Warta (18),2023,1,4,92,1.07,99.9,11
150190200,LGOTA NADWARCIE,Warta (18),2023,1,5,93,1.11,99.9,11
150190200,LGOTA NADWARCIE,Warta (18),2023,1,6,93,1.1,99.9,11
150190200,LGOTA NADWARCIE,Warta (18),2023,1,7,92,1.09,99.9,11
150190200,LGOTA NADWARCIE,Warta (18),2023,1,8,91,1.02,99.9,11
150190200,LGOTA NADWARCIE,Warta (18),2023,1,9,91,1.04,99.9,11
150190200,LGOTA NADWARCIE,Warta (18),2023,1,10,93,1.1,99.9,11
150190200,LGOTA NADWARCIE,Warta (18),2023,1,11,91,1.06,99.9,11
150190200,LGOTA NADWARCIE,Warta (18),2023,1,12,87,0.89,99.9,11
150190200,LGOTA NADWARCIE,Warta (18),2023,1,13,88,0.85,99.9,11
150190200,LGOTA NADWARCIE,Warta (18),2023,1,14,88,0.85,99.9,11
150190200,LGOTA NADWARCIE,Warta (18),2023,1,15,90,0.89,99.9,11
150190200,LGOTA NADWARCIE,Warta (18),2023,1,16,93,1,99.9,11
150190200,LGOTA NADWARCIE,Warta (18),2023,1,17,110,1.63,99.9,11
150190200,LGOTA NADWARCIE,Warta (18),2023,1,18,106,1.46,99.9,11
150190200,LGOTA NADWARCIE,Warta (18),2023,1,19,99,1.2,99.9,11
150190200,LGOTA NADWARCIE,Warta (18),2023,1,20,94,1.04,99.9,11
150190200,LGOTA NADWARCIE,Warta (18),2023,1,21,94,1.03,99.9,11
150190200,LGOTA NADWARCIE,Warta (18),2023,1,22,95,1.07,99.9,11
150190200,LGOTA NADWARCIE,Warta (18),2023,1,23,94,1.04,99.9,11
150190200,LGOTA NADWARCIE,Warta (18),2023,1,24,96,1.11,99.9,11
150190200,LGOTA NADWARCIE,Warta (18),2023,1,25,98,1.18,99.9,11
150190200,LGOTA NADWARCIE,Warta (18),2023,1,26,98,1.18,99.9,11
150190200,LGOTA NADWARCIE,Warta (18),2023,1,27,100,1.26,99.9,11
150190200,LGOTA NADWARCIE,Warta (18),2023,1,28,97,1.14,99.9,11
150190200,LGOTA NADWARCIE,Warta (18),2023,1,29,95,1.07,99.9,11
150190200,LGOTA NADWARCIE,Warta (18),2023,1,30,93,1.02,99.9,11
150190200,LGOTA NADWARCIE,Warta (18),2023,2,1,92,0.98,99.9,12
150190200,LGOTA NADWARCIE,Warta (18),2023,2,2,92,0.96,99.9,12
150190200,LGOTA NADWARCIE,Warta (18),2023,2,3,91,0.93,99.9,12
150190200,LGOTA NADWARCIE,Warta (18),2023,2,4,90,0.92,99.9,12
150190200,LGOTA NADWARCIE,Warta (18),2023,2,5,90,0.92,99.9,12
150190200,LGOTA NADWARCIE,Warta (18),2023,2,6,105,1.47,99.9,12
150190200,LGOTA NADWARCIE,Warta (18),2023,2,7,130,2.53,99.9,12
150190200,LGOTA NADWARCIE,Warta (18),2023,2,8,126,2.36,99.9,12
150190200,LGOTA NADWARCIE,Warta (18),2023,2,9,117,1.96,99.9,12
150190200,LGOTA NADWARCIE,Warta (18),2023,2,10,116,1.93,99.9,12
150190200,LGOTA NADWARCIE,Warta (18),2023,2,11,114,1.83,99.9,12
150190200,LGOTA NADWARCIE,Warta (18),2023,2,12,110,1.64,99.9,12
150190200,LGOTA NADWARCIE,Warta (18),2023,2,13,108,1.53,99.9,12
150190200,LGOTA NADWARCIE,Warta (18),2023,2,14,104,1.39,99.9,12
150190200,LGOTA NADWARCIE,Warta (18),2023,2,15,104,1.39,99.9,12
150190200,LGOTA NADWARCIE,Warta (18),2023,2,16,104,1.38,99.9,12
150190200,LGOTA NADWARCIE,Warta (18),2023,2,17,103,1.37,99.9,12
150190200,LGOTA NADWARCIE,Warta (18),2023,2,18,103,1.34,99.9,12
150190200,LGOTA NADWARCIE,Warta (18),2023,2,19,101,1.28,99.9,12
150190200,LGOTA NADWARCIE,Warta (18),2023,2,20,103,1.36,99.9,12
150190200,LGOTA NADWARCIE,Warta (18),2023,2,21,105,1.41,99.9,12
150190200,LGOTA NADWARCIE,Warta (18),2023,2,22,121,2.1,99.9,12
150190200,LGOTA NADWARCIE,Warta (18),2023,2,23,177,4.86,99.9,12
150190200,LGOTA NADWARCIE,Warta (18),2023,2,24,206,6.61,99.9,12
150190200,LGOTA NADWARCIE,Warta (18),2023,2,25,207,6.7,99.9,12
150190200,LGOTA NADWARCIE,Warta (18),2023,2,26,169,4.36,99.9,12
150190200,LGOTA NADWARCIE,Warta (18),2023,2,27,165,4.15,99.9,12
150190200,LGOTA NADWARCIE,Warta (18),2023,2,28,154,3.59,99.9,12
150190200,LGOTA NADWARCIE,Warta (18),2023,2,29,137,2.81,99.9,12
150190200,LGOTA NADWARCIE,Warta (18),2023,2,30,130,2.49,99.9,12
150190200,LGOTA NADWARCIE,Warta (18),2023,2,31,125,2.27,99.9,12
150190200,LGOTA NADWARCIE,Warta (18),2023,3,1,119,2.03,99.9,1
150190200,LGOTA NADWARCIE,Warta (18),2023,3,2,117,1.94,99.9,1
150190200,LGOTA NADWARCIE,Warta (18),2023,3,3,117,1.92,99.9,1
150190200,LGOTA NADWARCIE,Warta (18),2023,3,4,114,1.8,99.9,1
150190200,LGOTA NADWARCIE,Warta (18),2023,3,5,135,2.71,99.9,1
150190200,LGOTA NADWARCIE,Warta (18),2023,3,6,149,3.34,99.9,1
150190200,LGOTA NADWARCIE,Warta (18),2023,3,7,136,2.74,99.9,1
150190200,LGOTA NADWARCIE,Warta (18),2023,3,8,127,2.35,99.9,1
150190200,LGOTA NADWARCIE,Warta (18),2023,3,9,125,2.25,99.9,1
150190200,LGOTA NADWARCIE,Warta (18),2023,3,10,135,2.71,99.9,1
150190200,LGOTA NADWARCIE,Warta (18),2023,3,11,152,3.46,99.9,1
150190200,LGOTA NADWARCIE,Warta (18),2023,3,12,146,3.2,99.9,1
150190200,LGOTA NADWARCIE,Warta (18),2023,3,13,140,2.94,99.9,1
150190200,LGOTA NADWARCIE,Warta (18),2023,3,14,131,2.54,99.9,1
150190200,LGOTA NADWARCIE,Warta (18),2023,3,15,127,2.34,99.9,1
150190200,LGOTA NADWARCIE,Warta (18),2023,3,16,132,2.55,99.9,1
150190200,LGOTA NADWARCIE,Warta (18),2023,3,17,127,2.35,99.9,1
150190200,LGOTA NADWARCIE,Warta (18),2023,3,18,127,2.32,99.9,1
150190200,LGOTA NADWARCIE,Warta (18),2023,3,19,129,2.45,99.9,1
150190200,LGOTA NADWARCIE,Warta (18),2023,3,20,125,2.24,99.9,1
150190200,LGOTA NADWARCIE,Warta (18),2023,3,21,123,2.17,99.9,1
150190200,LGOTA NADWARCIE,Warta (18),2023,3,22,122,2.1,99.9,1
150190200,LGOTA NADWARCIE,Warta (18),2023,3,23,124,2.19,99.9,1
150190200,LGOTA NADWARCIE,Warta (18),2023,3,24,141,2.96,99.9,1
150190200,LGOTA NADWARCIE,Warta (18),2023,3,25,156,3.62,99.9,1
150190200,LGOTA NADWARCIE,Warta (18),2023,3,26,145,3.13,99.9,1
150190200,LGOTA NADWARCIE,Warta (18),2023,3,27,134,2.63,99.9,1
150190200,LGOTA NADWARCIE,Warta (18),2023,3,28,124,2.2,99.9,1
150190200,LGOTA NADWARCIE,Warta (18),2023,3,29,121,2.08,99.9,1
150190200,LGOTA NADWARCIE,Warta (18),2023,3,30,119,1.99,99.9,1
150190200,LGOTA NADWARCIE,Warta (18),2023,3,31,117,1.91,99.9,1
150190200,LGOTA NADWARCIE,Warta (18),2023,4,1,123,2.18,99.9,2
150190200,LGOTA NADWARCIE,Warta (18),2023,4,2,148,3.32,99.9,2
150190200,LGOTA NADWARCIE,Warta (18),2023,4,3,158,3.83,99.9,2
150190200,LGOTA NADWARCIE,Warta (18),2023,4,4,191,5.74,99.9,2
150190200,LGOTA NADWARCIE,Warta (18),2023,4,5,176,4.81,99.9,2
150190200,LGOTA NADWARCIE,Warta (18),2023,4,6,145,3.23,99.9,2
150190200,LGOTA NADWARCIE,Warta (18),2023,4,7,129,2.51,99.9,2
150190200,LGOTA NADWARCIE,Warta (18),2023,4,8,124,2.3,99.9,2
150190200,LGOTA NADWARCIE,Warta (18),2023,4,9,119,2.08,99.9,2
150190200,LGOTA NADWARCIE,Warta (18),2023,4,10,116,1.95,99.9,2
150190200,LGOTA NADWARCIE,Warta (18),2023,4,11,115,1.88,99.9,2
150190200,LGOTA NADWARCIE,Warta (18),2023,4,12,131,2.66,99.9,2
150190200,LGOTA NADWARCIE,Warta (18),2023,4,13,143,3.24,99.9,2
150190200,LGOTA NADWARCIE,Warta (18),2023,4,14,160,4.04,99.9,2
150190200,LGOTA NADWARCIE,Warta (18),2023,4,15,154,3.76,99.9,2
150190200,LGOTA NADWARCIE,Warta (18),2023,4,16,141,3.18,99.9,2
150190200,LGOTA NADWARCIE,Warta (18),2023,4,17,135,2.89,99.9,2
150190200,LGOTA NADWARCIE,Warta (18),2023,4,18,141,3.21,99.9,2
150190200,LGOTA NADWARCIE,Warta (18),2023,4,19,167,4.52,99.9,2
150190200,LGOTA NADWARCIE,Warta (18),2023,4,20,158,4.07,99.9,2
150190200,LGOTA NADWARCIE,Warta (18),2023,4,21,146,3.45,99.9,2
150190200,LGOTA NADWARCIE,Warta (18),2023,4,22,139,3.16,99.9,2
150190200,LGOTA NADWARCIE,Warta (18),2023,4,23,132,2.79,99.9,2
150190200,LGOTA NADWARCIE,Warta (18),2023,4,24,131,2.74,99.9,2
150190200,LGOTA NADWARCIE,Warta (18),2023,4,25,155,3.94,99.9,2
150190200,LGOTA NADWARCIE,Warta (18),2023,4,26,150,3.74,99.9,2
150190200,LGOTA NADWARCIE,Warta (18),2023,4,27,137,3.1,99.9,2
150190200,LGOTA NADWARCIE,Warta (18),2023,4,28,129,2.71,99.9,2
150190200,LGOTA NADWARCIE,Warta (18),2023,5,1,122,2.37,99.9,3
150190200,LGOTA NADWARCIE,Warta (18),2023,5,2,121,2.3,99.9,3
150190200,LGOTA NADWARCIE,Warta (18),2023,5,3,119,2.2,99.9,3
150190200,LGOTA NADWARCIE,Warta (18),2023,5,4,117,2.11,99.9,3
150190200,LGOTA NADWARCIE,Warta (18),2023,5,5,117,2.1,99.9,3
150190200,LGOTA NADWARCIE,Warta (18),2023,5,6,119,2.2,99.9,3
150190200,LGOTA NADWARCIE,Warta (18),2023,5,7,121,2.33,99.9,3
150190200,LGOTA NADWARCIE,Warta (18),2023,5,8,121,2.34,99.9,3
150190200,LGOTA NADWARCIE,Warta (18),2023,5,9,142,3.39,99.9,3
150190200,LGOTA NADWARCIE,Warta (18),2023,5,10,152,3.89,99.9,3
150190200,LGOTA NADWARCIE,Warta (18),2023,5,11,146,3.58,99.9,3
150190200,LGOTA NADWARCIE,Warta (18),2023,5,12,150,3.74,99.9,3
150190200,LGOTA NADWARCIE,Warta (18),2023,5,13,143,3.43,99.9,3
150190200,LGOTA NADWARCIE,Warta (18),2023,5,14,134,2.98,99.9,3
150190200,LGOTA NADWARCIE,Warta (18),2023,5,15,126,2.55,99.9,3
150190200,LGOTA NADWARCIE,Warta (18),2023,5,16,120,2.27,99.9,3
150190200,LGOTA NADWARCIE,Warta (18),2023,5,17,116,2.05,99.9,3
150190200,LGOTA NADWARCIE,Warta (18),2023,5,18,115,2.01,99.9,3
150190200,LGOTA NADWARCIE,Warta (18),2023,5,19,113,1.95,99.9,3
150190200,LGOTA NADWARCIE,Warta (18),2023,5,20,112,1.87,99.9,3
150190200,LGOTA NADWARCIE,Warta (18),2023,5,21,115,2.04,99.9,3
150190200,LGOTA NADWARCIE,Warta (18),2023,5,22,116,2.07,99.9,3
150190200,LGOTA NADWARCIE,Warta (18),2023,5,23,112,1.89,99.9,3
150190200,LGOTA NADWARCIE,Warta (18),2023,5,24,113,1.93,99.9,3
150190200,LGOTA NADWARCIE,Warta (18),2023,5,25,112,1.89,99.9,3
150190200,LGOTA NADWARCIE,Warta (18),2023,5,26,108,1.71,99.9,3
150190200,LGOTA NADWARCIE,Warta (18),2023,5,27,108,1.67,99.9,3
150190200,LGOTA NADWARCIE,Warta (18),2023,5,28,106,1.6,99.9,3
150190200,LGOTA NADWARCIE,Warta (18),2023,5,29,105,1.56,99.9,3
150190200,LGOTA NADWARCIE,Warta (18),2023,5,30,104,1.53,99.9,3
150190200,LGOTA NADWARCIE,Warta (18),2023,5,31,106,1.59,99.9,3
150190200,LGOTA NADWARCIE,Warta (18),2023,6,1,116,2.1,99.9,4
150190200,LGOTA NADWARCIE,Warta (18),2023,6,2,136,3.07,99.9,4
150190200,LGOTA NADWARCIE,Warta (18),2023,6,3,139,3.22,99.9,4
150190200,LGOTA NADWARCIE,Warta (18),2023,6,4,122,2.39,99.9,4
150190200,LGOTA NADWARCIE,Warta (18),2023,6,5,116,2.09,99.9,4
150190200,LGOTA NADWARCIE,Warta (18),2023,6,6,114,1.95,99.9,4
150190200,LGOTA NADWARCIE,Warta (18),2023,6,7,122,2.37,99.9,4
150190200,LGOTA NADWARCIE,Warta (18),2023,6,8,137,3.12,99.9,4
150190200,LGOTA NADWARCIE,Warta (18),2023,6,9,129,2.69,99.9,4
150190200,LGOTA NADWARCIE,Warta (18),2023,6,10,122,2.35,99.9,4
150190200,LGOTA NADWARCIE,Warta (18),2023,6,11,123,2.41,99.9,4
150190200,LGOTA NADWARCIE,Warta (18),2023,6,12,126,2.58,99.9,4
150190200,LGOTA NADWARCIE,Warta (18),2023,6,13,121,2.34,99.9,4
150190200,LGOTA NADWARCIE,Warta (18),2023,6,14,117,2.1,99.9,4
150190200,LGOTA NADWARCIE,Warta (18),2023,6,15,112,1.89,99.9,4
150190200,LGOTA NADWARCIE,Warta (18),2023,6,16,109,1.75,99.9,4
150190200,LGOTA NADWARCIE,Warta (18),2023,6,17,108,1.7,99.9,4
150190200,LGOTA NADWARCIE,Warta (18),2023,6,18,120,2.26,99.9,4
150190200,LGOTA NADWARCIE,Warta (18),2023,6,19,139,3.22,99.9,4
150190200,LGOTA NADWARCIE,Warta (18),2023,6,20,141,3.31,99.9,4
150190200,LGOTA NADWARCIE,Warta (18),2023,6,21,125,2.51,99.9,4
150190200,LGOTA NADWARCIE,Warta (18),2023,6,22,116,2.05,99.9,4
150190200,LGOTA NADWARCIE,Warta (18),2023,6,23,110,1.76,99.9,4
150190200,LGOTA NADWARCIE,Warta (18),2023,6,24,107,1.66,99.9,4
150190200,LGOTA NADWARCIE,Warta (18),2023,6,25,107,1.65,99.9,4
150190200,LGOTA NADWARCIE,Warta (18),2023,6,26,105,1.55,99.9,4
150190200,LGOTA NADWARCIE,Warta (18),2023,6,27,103,1.45,99.9,4
150190200,LGOTA NADWARCIE,Warta (18),2023,6,28,100,1.36,99.9,4
150190200,LGOTA NADWARCIE,Warta (18),2023,6,29,98,1.27,99.9,4
150190200,LGOTA NADWARCIE,Warta (18),2023,6,30,102,1.42,99.9,4
150190200,LGOTA NADWARCIE,Warta (18),2023,7,1,100,1.36,99.9,5
150190200,LGOTA NADWARCIE,Warta (18),2023,7,2,100,1.34,99.9,5
150190200,LGOTA NADWARCIE,Warta (18),2023,7,3,97,1.21,99.9,5
150190200,LGOTA NADWARCIE,Warta (18),2023,7,4,98,1.28,99.9,5
150190200,LGOTA NADWARCIE,Warta (18),2023,7,5,96,1.2,99.9,5
150190200,LGOTA NADWARCIE,Warta (18),2023,7,6,101,1.42,99.9,5
150190200,LGOTA NADWARCIE,Warta (18),2023,7,7,111,1.85,99.9,5
150190200,LGOTA NADWARCIE,Warta (18),2023,7,8,103,1.48,99.9,5
150190200,LGOTA NADWARCIE,Warta (18),2023,7,9,102,1.42,99.9,5
150190200,LGOTA NADWARCIE,Warta (18),2023,7,10,98,1.25,99.9,5
150190200,LGOTA NADWARCIE,Warta (18),2023,7,11,96,1.18,99.9,5
150190200,LGOTA NADWARCIE,Warta (18),2023,7,12,95,1.14,99.9,5
150190200,LGOTA NADWARCIE,Warta (18),2023,7,13,93,1.07,99.9,5
150190200,LGOTA NADWARCIE,Warta (18),2023,7,14,92,1.06,99.9,5
150190200,LGOTA NADWARCIE,Warta (18),2023,7,15,96,1.17,99.9,5
150190200,LGOTA NADWARCIE,Warta (18),2023,7,16,98,1.25,99.9,5
150190200,LGOTA NADWARCIE,Warta (18),2023,7,17,160,4.3,99.9,5
150190200,LGOTA NADWARCIE,Warta (18),2023,7,18,190,6.06,99.9,5
150190200,LGOTA NADWARCIE,Warta (18),2023,7,19,149,3.7,99.9,5
150190200,LGOTA NADWARCIE,Warta (18),2023,7,20,130,2.76,99.9,5
150190200,LGOTA NADWARCIE,Warta (18),2023,7,21,118,2.16,99.9,5
150190200,LGOTA NADWARCIE,Warta (18),2023,7,22,108,1.69,99.9,5
150190200,LGOTA NADWARCIE,Warta (18),2023,7,23,104,1.5,99.9,5
150190200,LGOTA NADWARCIE,Warta (18),2023,7,24,101,1.37,99.9,5
150190200,LGOTA NADWARCIE,Warta (18),2023,7,25,101,1.35,99.9,5
150190200,LGOTA NADWARCIE,Warta (18),2023,7,26,99,1.31,99.9,5
150190200,LGOTA NADWARCIE,Warta (18),2023,7,27,98,1.25,99.9,5
150190200,LGOTA NADWARCIE,Warta (18),2023,7,28,94,1.13,99.9,5
150190200,LGOTA NADWARCIE,Warta (18),2023,7,29,93,1.08,99.9,5
150190200,LGOTA NADWARCIE,Warta (18),2023,7,30,93,1.06,99.9,5
150190200,LGOTA NADWARCIE,Warta (18),2023,7,31,88,0.89,99.9,5
150190200,LGOTA NADWARCIE,Warta (18),2023,8,1,88,0.9,99.9,6
150190200,LGOTA NADWARCIE,Warta (18),2023,8,2,86,0.85,99.9,6
150190200,LGOTA NADWARCIE,Warta (18),2023,8,3,87,0.88,99.9,6
150190200,LGOTA NADWARCIE,Warta (18),2023,8,4,85,0.8,99.9,6
150190200,LGOTA NADWARCIE,Warta (18),2023,8,5,84,0.76,99.9,6
150190200,LGOTA NADWARCIE,Warta (18),2023,8,6,85,0.79,99.9,6
150190200,LGOTA NADWARCIE,Warta (18),2023,8,7,91,0.99,99.9,6
150190200,LGOTA NADWARCIE,Warta (18),2023,8,8,86,0.84,99.9,6
150190200,LGOTA NADWARCIE,Warta (18),2023,8,9,81,0.69,99.9,6
150190200,LGOTA NADWARCIE,Warta (18),2023,8,10,90,0.97,99.9,6
150190200,LGOTA NADWARCIE,Warta (18),2023,8,11,86,0.84,99.9,6
150190200,LGOTA NADWARCIE,Warta (18),2023,8,12,87,0.88,99.9,6
150190200,LGOTA NADWARCIE,Warta (18),2023,8,13,84,0.77,99.9,6
150190200,LGOTA NADWARCIE,Warta (18),2023,8,14,82,0.69,99.9,6
150190200,LGOTA NADWARCIE,Warta (18),2023,8,15,89,0.93,99.9,6
150190200,LGOTA NADWARCIE,Warta (18),2023,8,16,88,0.92,99.9,6
150190200,LGOTA NADWARCIE,Warta (18),2023,8,17,77,0.55,99.9,6
150190200,LGOTA NADWARCIE,Warta (18),2023,8,18,80,0.64,99.9,6
150190200,LGOTA NADWARCIE,Warta (18),2023,8,19,82,0.7,99.9,6
150190200,LGOTA NADWARCIE,Warta (18),2023,8,20,82,0.71,99.9,6
150190200,LGOTA NADWARCIE,Warta (18),2023,8,21,80,0.64,99.9,6
150190200,LGOTA NADWARCIE,Warta (18),2023,8,22,81,0.68,99.9,6
150190200,LGOTA NADWARCIE,Warta (18),2023,8,23,82,0.71,99.9,6
150190200,LGOTA NADWARCIE,Warta (18),2023,8,24,85,0.79,99.9,6
150190200,LGOTA NADWARCIE,Warta (18),2023,8,25,82,0.69,99.9,6
150190200,LGOTA NADWARCIE,Warta (18),2023,8,26,83,0.73,99.9,6
150190200,LGOTA NADWARCIE,Warta (18),2023,8,27,90,0.97,99.9,6
150190200,LGOTA NADWARCIE,Warta (18),2023,8,28,86,0.84,99.9,6
150190200,LGOTA NADWARCIE,Warta (18),2023,8,29,84,0.77,99.9,6
150190200,LGOTA NADWARCIE,Warta (18),2023,8,30,79,0.6,99.9,6
150190200,LGOTA NADWARCIE,Warta (18),2023,9,1,84,0.76,99.9,7
150190200,LGOTA NADWARCIE,Warta (18),2023,9,2,85,0.81,99.9,7
150190200,LGOTA NADWARCIE,Warta (18),2023,9,3,86,0.83,99.9,7
150190200,LGOTA NADWARCIE,Warta (18),2023,9,4,82,0.7,99.9,7
150190200,LGOTA NADWARCIE,Warta (18),2023,9,5,86,0.86,99.9,7
150190200,LGOTA NADWARCIE,Warta (18),2023,9,6,97,1.23,99.9,7
150190200,LGOTA NADWARCIE,Warta (18),2023,9,7,86,0.84,99.9,7
150190200,LGOTA NADWARCIE,Warta (18),2023,9,8,79,0.6,99.9,7
150190200,LGOTA NADWARCIE,Warta (18),2023,9,9,77,0.55,99.9,7
150190200,LGOTA NADWARCIE,Warta (18),2023,9,10,77,0.55,99.9,7
150190200,LGOTA NADWARCIE,Warta (18),2023,9,11,77,0.55,99.9,7
150190200,LGOTA NADWARCIE,Warta (18),2023,9,12,77,0.55,99.9,7
150190200,LGOTA NADWARCIE,Warta (18),2023,9,13,78,0.59,99.9,7
150190200,LGOTA NADWARCIE,Warta (18),2023,9,14,84,0.78,99.9,7
150190200,LGOTA NADWARCIE,Warta (18),2023,9,15,79,0.6,99.9,7
150190200,LGOTA NADWARCIE,Warta (18),2023,9,16,76,0.52,99.9,7
150190200,LGOTA NADWARCIE,Warta (18),2023,9,17,81,0.69,99.9,7
150190200,LGOTA NADWARCIE,Warta (18),2023,9,18,82,0.69,99.9,7
150190200,LGOTA NADWARCIE,Warta (18),2023,9,19,78,0.57,99.9,7
150190200,LGOTA NADWARCIE,Warta (18),2023,9,20,78,0.59,99.9,7
150190200,LGOTA NADWARCIE,Warta (18),2023,9,21,80,0.62,99.9,7
150190200,LGOTA NADWARCIE,Warta (18),2023,9,22,89,0.95,99.9,7
150190200,LGOTA NADWARCIE,Warta (18),2023,9,23,82,0.7,99.9,7
150190200,LGOTA NADWARCIE,Warta (18),2023,9,24,79,0.6,99.9,7
150190200,LGOTA NADWARCIE,Warta (18),2023,9,25,82,0.7,99.9,7
150190200,LGOTA NADWARCIE,Warta (18),2023,9,26,109,1.77,99.9,7
150190200,LGOTA NADWARCIE,Warta (18),2023,9,27,104,1.55,99.9,7
150190200,LGOTA NADWARCIE,Warta (18),2023,9,28,93,1.08,99.9,7
150190200,LGOTA NADWARCIE,Warta (18),2023,9,29,90,0.97,99.9,7
150190200,LGOTA NADWARCIE,Warta (18),2023,9,30,87,0.87,99.9,7
150190200,LGOTA NADWARCIE,Warta (18),2023,9,31,86,0.82,99.9,7
150190200,LGOTA NADWARCIE,Warta (18),2023,10,1,85,0.82,99.9,8
150190200,LGOTA NADWARCIE,Warta (18),2023,10,2,90,0.96,99.9,8
150190200,LGOTA NADWARCIE,Warta (18),2023,10,3,86,0.82,99.9,8
150190200,LGOTA NADWARCIE,Warta (18),2023,10,4,86,0.82,99.9,8
150190200,LGOTA NADWARCIE,Warta (18),2023,10,5,94,1.14,99.9,8
150190200,LGOTA NADWARCIE,Warta (18),2023,10,6,118,2.25,99.9,8
150190200,LGOTA NADWARCIE,Warta (18),2023,10,7,150,3.75,99.9,8
150190200,LGOTA NADWARCIE,Warta (18),2023,10,8,131,2.81,99.9,8
150190200,LGOTA NADWARCIE,Warta (18),2023,10,9,108,1.69,99.9,8
150190200,LGOTA NADWARCIE,Warta (18),2023,10,10,103,1.48,99.9,8
150190200,LGOTA NADWARCIE,Warta (18),2023,10,11,97,1.21,99.9,8
150190200,LGOTA NADWARCIE,Warta (18),2023,10,12,92,1.03,99.9,8
150190200,LGOTA NADWARCIE,Warta (18),2023,10,13,88,0.91,99.9,8
150190200,LGOTA NADWARCIE,Warta (18),2023,10,14,87,0.86,99.9,8
150190200,LGOTA NADWARCIE,Warta (18),2023,10,15,85,0.79,99.9,8
150190200,LGOTA NADWARCIE,Warta (18),2023,10,16,83,0.73,99.9,8
150190200,LGOTA NADWARCIE,Warta (18),2023,10,17,81,0.68,99.9,8
150190200,LGOTA NADWARCIE,Warta (18),2023,10,18,80,0.65,99.9,8
150190200,LGOTA NADWARCIE,Warta (18),2023,10,19,82,0.71,99.9,8
150190200,LGOTA NADWARCIE,Warta (18),2023,10,20,80,0.63,99.9,8
150190200,LGOTA NADWARCIE,Warta (18),2023,10,21,79,0.6,99.9,8
150190200,LGOTA NADWARCIE,Warta (18),2023,10,22,78,0.59,99.9,8
150190200,LGOTA NADWARCIE,Warta (18),2023,10,23,77,0.55,99.9,8
150190200,LGOTA NADWARCIE,Warta (18),2023,10,24,76,0.54,99.9,8
150190200,LGOTA NADWARCIE,Warta (18),2023,10,25,80,0.64,99.9,8
150190200,LGOTA NADWARCIE,Warta (18),2023,10,26,81,0.66,99.9,8
150190200,LGOTA NADWARCIE,Warta (18),2023,10,27,81,0.66,99.9,8
150190200,LGOTA NADWARCIE,Warta (18),2023,10,28,82,0.7,99.9,8
150190200,LGOTA NADWARCIE,Warta (18),2023,10,29,84,0.75,99.9,8
150190200,LGOTA NADWARCIE,Warta (18),2023,10,30,93,1.09,99.9,8
150190200,LGOTA NADWARCIE,Warta (18),2023,10,31,88,0.92,99.9,8
150190200,LGOTA NADWARCIE,Warta (18),2023,11,1,86,0.85,99.9,9
150190200,LGOTA NADWARCIE,Warta (18),2023,11,2,89,0.96,99.9,9
150190200,LGOTA NADWARCIE,Warta (18),2023,11,3,87,0.86,99.9,9
150190200,LGOTA NADWARCIE,Warta (18),2023,11,4,83,0.73,99.9,9
150190200,LGOTA NADWARCIE,Warta (18),2023,11,5,81,0.68,99.9,9
150190200,LGOTA NADWARCIE,Warta (18),2023,11,6,80,0.64,99.9,9
150190200,LGOTA NADWARCIE,Warta (18),2023,11,7,80,0.62,99.9,9
150190200,LGOTA NADWARCIE,Warta (18),2023,11,8,79,0.6,99.9,9
150190200,LGOTA NADWARCIE,Warta (18),2023,11,9,77,0.55,99.9,9
150190200,LGOTA NADWARCIE,Warta (18),2023,11,10,77,0.55,99.9,9
150190200,LGOTA NADWARCIE,Warta (18),2023,11,11,77,0.54,99.9,9
150190200,LGOTA NADWARCIE,Warta (18),2023,11,12,76,0.53,99.9,9
150190200,LGOTA NADWARCIE,Warta (18),2023,11,13,76,0.54,99.9,9
150190200,LGOTA NADWARCIE,Warta (18),2023,11,14,82,0.71,99.9,9
150190200,LGOTA NADWARCIE,Warta (18),2023,11,15,80,0.64,99.9,9
150190200,LGOTA NADWARCIE,Warta (18),2023,11,16,78,0.57,99.9,9
150190200,LGOTA NADWARCIE,Warta (18),2023,11,17,76,0.52,99.9,9
150190200,LGOTA NADWARCIE,Warta (18),2023,11,18,75,0.51,99.9,9
150190200,LGOTA NADWARCIE,Warta (18),2023,11,19,76,0.52,99.9,9
150190200,LGOTA NADWARCIE,Warta (18),2023,11,20,77,0.54,99.9,9
150190200,LGOTA NADWARCIE,Warta (18),2023,11,21,76,0.54,99.9,9
150190200,LGOTA NADWARCIE,Warta (18),2023,11,22,77,0.57,99.9,9
150190200,LGOTA NADWARCIE,Warta (18),2023,11,23,80,0.63,99.9,9
150190200,LGOTA NADWARCIE,Warta (18),2023,11,24,83,0.75,99.9,9
150190200,LGOTA NADWARCIE,Warta (18),2023,11,25,80,0.63,99.9,9
150190200,LGOTA NADWARCIE,Warta (18),2023,11,26,79,0.59,99.9,9
150190200,LGOTA NADWARCIE,Warta (18),2023,11,27,78,0.57,99.9,9
150190200,LGOTA NADWARCIE,Warta (18),2023,11,28,76,0.54,99.9,9
150190200,LGOTA NADWARCIE,Warta (18),2023,11,29,76,0.52,99.9,9
150190200,LGOTA NADWARCIE,Warta (18),2023,11,30,76,0.53,99.9,9
150190200,LGOTA NADWARCIE,Warta (18),2023,12,1,78,0.57,99.9,10
150190200,LGOTA NADWARCIE,Warta (18),2023,12,2,77,0.55,99.9,10
150190200,LGOTA NADWARCIE,Warta (18),2023,12,3,77,0.55,99.9,10
150190200,LGOTA NADWARCIE,Warta (18),2023,12,4,78,0.57,99.9,10
150190200,LGOTA NADWARCIE,Warta (18),2023,12,5,77,0.55,99.9,10
150190200,LGOTA NADWARCIE,Warta (18),2023,12,6,75,0.51,99.9,10
150190200,LGOTA NADWARCIE,Warta (18),2023,12,7,75,0.5,99.9,10
150190200,LGOTA NADWARCIE,Warta (18),2023,12,8,78,0.59,99.9,10
150190200,LGOTA NADWARCIE,Warta (18),2023,12,9,79,0.59,99.9,10
150190200,LGOTA NADWARCIE,Warta (18),2023,12,10,78,0.57,99.9,10
150190200,LGOTA NADWARCIE,Warta (18),2023,12,11,78,0.57,99.9,10
150190200,LGOTA NADWARCIE,Warta (18),2023,12,12,78,0.58,99.9,10
150190200,LGOTA NADWARCIE,Warta (18),2023,12,13,78,0.57,99.9,10
150190200,LGOTA NADWARCIE,Warta (18),2023,12,14,78,0.57,99.9,10
150190200,LGOTA NADWARCIE,Warta (18),2023,12,15,79,0.6,99.9,10
150190200,LGOTA NADWARCIE,Warta (18),2023,12,16,78,0.6,99.9,10
150190200,LGOTA NADWARCIE,Warta (18),2023,12,17,77,0.55,99.9,10
150190200,LGOTA NADWARCIE,Warta (18),2023,12,18,80,0.62,99.9,10
150190200,LGOTA NADWARCIE,Warta (18),2023,12,19,83,0.72,99.9,10
150190200,LGOTA NADWARCIE,Warta (18),2023,12,20,84,0.78,99.9,10
150190200,LGOTA NADWARCIE,Warta (18),2023,12,21,84,0.76,99.9,10
150190200,LGOTA NADWARCIE,Warta (18),2023,12,22,98,1.29,99.9,10
150190200,LGOTA NADWARCIE,Warta (18),2023,12,23,96,1.2,99.9,10
150190200,LGOTA NADWARCIE,Warta (18),2023,12,24,90,0.98,99.9,10
150190200,LGOTA NADWARCIE,Warta (18),2023,12,25,104,1.51,99.9,10
150190200,LGOTA NADWARCIE,Warta (18),2023,12,26,97,1.25,99.9,10
150190200,LGOTA NADWARCIE,Warta (18),2023,12,27,97,1.23,99.9,10
150190200,LGOTA NADWARCIE,Warta (18),2023,12,28,104,1.52,99.9,10
150190200,LGOTA NADWARCIE,Warta (18),2023,12,29,99,1.3,99.9,10
150190200,LGOTA NADWARCIE,Warta (18),2023,12,30,94,1.13,99.9,10
150190200,LGOTA NADWARCIE,Warta (18),2023,12,31,95,1.17,99.9,10
153230010,FASTY,Supraśl (2616),2023,1,1,122,7.13,99.9,11
153230010,FASTY,Supraśl (2616),2023,1,2,121,7.07,99.9,11
153230010,FASTY,Supraśl (2616),2023,1,3,123,7.41,99.9,11
153230010,FASTY,Supraśl (2616),2023,1,4,123,7.57,99.9,11
153230010,FASTY,Supraśl (2616),2023,1,5,122,7.44,99.9,11
153230010,FASTY,Supraśl (2616),2023,1,6,131,8.85,99.9,11
153230010,FASTY,Supraśl (2616),2023,1,7,126,8.21,99.9,11
153230010,FASTY,Supraśl (2616),2023,1,8,129,8.72,99.9,11
153230010,FASTY,Supraśl (2616),2023,1,9,129,8.8,99.9,11
153230010,FASTY,Supraśl (2616),2023,1,10,131,9.22,99.9,11
153230010,FASTY,Supraśl (2616),2023,1,11,129,9.02,99.9,11
153230010,FASTY,Supraśl (2616),2023,1,12,128,8.86,99.9,11
153230010,FASTY,Supraśl (2616),2023,1,13,128,8.88,99.9,11
153230010,FASTY,Supraśl (2616),2023,1,14,126,8.64,99.9,11
153230010,FASTY,Supraśl (2616),2023,1,15,124,8.46,99.9,11
153230010,FASTY,Supraśl (2616),2023,1,16,122,8.14,99.9,11
153230010,FASTY,Supraśl (2616),2023,1,17,119,7.84,99.9,11
153230010,FASTY,Supraśl (2616),2023,1,18,117,7.67,99.9,11
153230010,FASTY,Supraśl (2616),2023,1,19,117,7.63,99.9,11
153230010,FASTY,Supraśl (2616),2023,1,20,114,7.36,99.9,11
153230010,FASTY,Supraśl (2616),2023,1,21,113,7.24,99.9,11
153230010,FASTY,Supraśl (2616),2023,1,22,112,7.17,99.9,11
153230010,FASTY,Supraśl (2616),2023,1,23,112,7.14,99.9,11
153230010,FASTY,Supraśl (2616),2023,1,24,110,6.92,99.9,11
153230010,FASTY,Supraśl (2616),2023,1,25,111,7.12,99.9,11
153230010,FASTY,Supraśl (2616),2023,1,26,110,7.13,99.9,11
153230010,FASTY,Supraśl (2616),2023,1,27,110,7.11,99.9,11
153230010,FASTY,Supraśl (2616),2023,1,28,111,7.3,99.9,11
153230010,FASTY,Supraśl (2616),2023,1,29,112,7.56,99.9,11
153230010,FASTY,Supraśl (2616),2023,1,30,118,8.55,99.9,11
153230010,FASTY,Supraśl (2616),2023,2,1,117,8.66,99.9,12
153230010,FASTY,Supraśl (2616),2023,2,2,116,8.49,99.9,12
153230010,FASTY,Supraśl (2616),2023,2,3,114,8.18,99.9,12
153230010,FASTY,Supraśl (2616),2023,2,4,113,7.91,99.9,12
153230010,FASTY,Supraśl (2616),2023,2,5,112,7.78,99.9,12
153230010,FASTY,Supraśl (2616),2023,2,6,111,7.74,99.9,12
153230010,FASTY,Supraśl (2616),2023,2,7,113,8,99.9,12
153230010,FASTY,Supraśl (2616),2023,2,8,114,8.13,99.9,12
153230010,FASTY,Supraśl (2616),2023,2,9,114,7.91,99.9,12
153230010,FASTY,Supraśl (2616),2023,2,10,114,7.51,99.9,12
153230010,FASTY,Supraśl (2616),2023,2,11,113,7.92,99.9,12
153230010,FASTY,Supraśl (2616),2023,2,12,114,8.16,99.9,12
153230010,FASTY,Supraśl (2616),2023,2,13,113,8.05,99.9,12
153230010,FASTY,Supraśl (2616),2023,2,14,110,7.46,99.9,12
153230010,FASTY,Supraśl (2616),2023,2,15,104,6.26,99.9,12
153230010,FASTY,Supraśl (2616),2023,2,16,112,6.23,99.9,12
153230010,FASTY,Supraśl (2616),2023,2,17,114,6.41,99.9,12
153230010,FASTY,Supraśl (2616),2023,2,18,105,6.19,99.9,12
153230010,FASTY,Supraśl (2616),2023,2,19,100,5.98,99.9,12
153230010,FASTY,Supraśl (2616),2023,2,20,112,7.83,99.9,12
153230010,FASTY,Supraśl (2616),2023,2,21,124,9.88,99.9,12
153230010,FASTY,Supraśl (2616),2023,2,22,130,11,99.9,12
153230010,FASTY,Supraśl (2616),2023,2,23,141,13.1,99.9,12
153230010,FASTY,Supraśl (2616),2023,2,24,146,14.2,99.9,12
153230010,FASTY,Supraśl (2616),2023,2,25,148,14.6,99.9,12
153230010,FASTY,Supraśl (2616),2023,2,26,159,17.1,99.9,12
153230010,FASTY,Supraśl (2616),2023,2,27,166,18.5,99.9,12
153230010,FASTY,Supraśl (2616),2023,2,28,168,18.9,99.9,12
153230010,FASTY,Supraśl (2616),2023,2,29,171,19.7,99.9,12
153230010,FASTY,Supraśl (2616),2023,2,30,171,19.7,99.9,12
153230010,FASTY,Supraśl (2616),2023,2,31,171,19.6,99.9,12
153230010,FASTY,Supraśl (2616),2023,3,1,169,19.2,99.9,1
153230010,FASTY,Supraśl (2616),2023,3,2,168,18.8,99.9,1
153230010,FASTY,Supraśl (2616),2023,3,3,164,17.9,99.9,1
153230010,FASTY,Supraśl (2616),2023,3,4,159,16.9,99.9,1
153230010,FASTY,Supraśl (2616),2023,3,5,164,18,99.9,1
153230010,FASTY,Supraśl (2616),2023,3,6,160,17.1,99.9,1
153230010,FASTY,Supraśl (2616),2023,3,7,153,15.7,99.9,1
153230010,FASTY,Supraśl (2616),2023,3,8,150,15.1,99.9,1
153230010,FASTY,Supraśl (2616),2023,3,9,148,14.7,99.9,1
153230010,FASTY,Supraśl (2616),2023,3,10,151,15.2,99.9,1
153230010,FASTY,Supraśl (2616),2023,3,11,153,15.7,99.9,1
153230010,FASTY,Supraśl (2616),2023,3,12,152,15.4,99.9,1
153230010,FASTY,Supraśl (2616),2023,3,13,153,15.7,99.9,1
153230010,FASTY,Supraśl (2616),2023,3,14,154,15.8,99.9,1
153230010,FASTY,Supraśl (2616),2023,3,15,156,16.3,99.9,1
153230010,FASTY,Supraśl (2616),2023,3,16,163,17.9,99.9,1
153230010,FASTY,Supraśl (2616),2023,3,17,165,18.2,99.9,1
153230010,FASTY,Supraśl (2616),2023,3,18,171,19.5,99.9,1
153230010,FASTY,Supraśl (2616),2023,3,19,176,20.8,99.9,1
153230010,FASTY,Supraśl (2616),2023,3,20,179,21.4,99.9,1
153230010,FASTY,Supraśl (2616),2023,3,21,182,22.2,99.9,1
153230010,FASTY,Supraśl (2616),2023,3,22,185,22.9,99.9,1
153230010,FASTY,Supraśl (2616),2023,3,23,186,23.1,99.9,1
153230010,FASTY,Supraśl (2616),2023,3,24,186,23,99.9,1
153230010,FASTY,Supraśl (2616),2023,3,25,185,22.9,99.9,1
153230010,FASTY,Supraśl (2616),2023,3,26,185,22.8,99.9,1
153230010,FASTY,Supraśl (2616),2023,3,27,183,22.3,99.9,1
153230010,FASTY,Supraśl (2616),2023,3,28,179,21.5,99.9,1
153230010,FASTY,Supraśl (2616),2023,3,29,172,19.8,99.9,1
153230010,FASTY,Supraśl (2616),2023,3,30,164,18.1,99.9,1
153230010,FASTY,Supraśl (2616),2023,3,31,160,17.1,99.9,1
153230010,FASTY,Supraśl (2616),2023,4,1,158,16.8,99.9,2
153230010,FASTY,Supraśl (2616),2023,4,2,160,17.2,99.9,2
153230010,FASTY,Supraśl (2616),2023,4,3,163,17.8,99.9,2
153230010,FASTY,Supraśl (2616),2023,4,4,162,17.5,99.9,2
153230010,FASTY,Supraśl (2616),2023,4,5,161,17.3,99.9,2
153230010,FASTY,Supraśl (2616),2023,4,6,157,16.6,99.9,2
153230010,FASTY,Supraśl (2616),2023,4,7,154,15.9,99.9,2
153230010,FASTY,Supraśl (2616),2023,4,8,146,14.1,99.9,2
153230010,FASTY,Supraśl (2616),2023,4,9,139,12.8,99.9,2
153230010,FASTY,Supraśl (2616),2023,4,10,135,11.9,99.9,2
153230010,FASTY,Supraśl (2616),2023,4,11,133,11.5,99.9,2
153230010,FASTY,Supraśl (2616),2023,4,12,133,11.5,99.9,2
153230010,FASTY,Supraśl (2616),2023,4,13,134,11.6,99.9,2
153230010,FASTY,Supraśl (2616),2023,4,14,135,12,99.9,2
153230010,FASTY,Supraśl (2616),2023,4,15,137,12.3,99.9,2
153230010,FASTY,Supraśl (2616),2023,4,16,137,12.3,99.9,2
153230010,FASTY,Supraśl (2616),2023,4,17,140,13,99.9,2
153230010,FASTY,Supraśl (2616),2023,4,18,155,16,99.9,2
153230010,FASTY,Supraśl (2616),2023,4,19,152,15.5,99.9,2
153230010,FASTY,Supraśl (2616),2023,4,20,159,17,99.9,2
153230010,FASTY,Supraśl (2616),2023,4,21,179,21.5,99.9,2
153230010,FASTY,Supraśl (2616),2023,4,22,176,20.7,99.9,2
153230010,FASTY,Supraśl (2616),2023,4,23,175,20.5,99.9,2
153230010,FASTY,Supraśl (2616),2023,4,24,178,21.3,99.9,2
153230010,FASTY,Supraśl (2616),2023,4,25,180,21.7,99.9,2
153230010,FASTY,Supraśl (2616),2023,4,26,181,21.9,99.9,2
153230010,FASTY,Supraśl (2616),2023,4,27,180,21.7,99.9,2
153230010,FASTY,Supraśl (2616),2023,4,28,176,20.8,99.9,2
153230010,FASTY,Supraśl (2616),2023,5,1,172,19.8,99.9,3
153230010,FASTY,Supraśl (2616),2023,5,2,168,18.9,99.9,3
153230010,FASTY,Supraśl (2616),2023,5,3,160,17.2,99.9,3
153230010,FASTY,Supraśl (2616),2023,5,4,156,16.2,99.9,3
153230010,FASTY,Supraśl (2616),2023,5,5,149,14.8,99.9,3
153230010,FASTY,Supraśl (2616),2023,5,6,144,13.7,99.9,3
153230010,FASTY,Supraśl (2616),2023,5,7,140,12.9,99.9,3
153230010,FASTY,Supraśl (2616),2023,5,8,138,12.5,99.9,3
153230010,FASTY,Supraśl (2616),2023,5,9,136,12.1,99.9,3
153230010,FASTY,Supraśl (2616),2023,5,10,139,12.7,99.9,3
153230010,FASTY,Supraśl (2616),2023,5,11,148,14.6,99.9,3
153230010,FASTY,Supraśl (2616),2023,5,12,150,15,99.9,3
153230010,FASTY,Supraśl (2616),2023,5,13,154,15.8,99.9,3
153230010,FASTY,Supraśl (2616),2023,5,14,164,18,99.9,3
153230010,FASTY,Supraśl (2616),2023,5,15,166,18.4,99.9,3
153230010,FASTY,Supraśl (2616),2023,5,16,167,18.6,99.9,3
153230010,FASTY,Supraśl (2616),2023,5,17,167,18.7,99.9,3
153230010,FASTY,Supraśl (2616),2023,5,18,166,18.6,99.9,3
153230010,FASTY,Supraśl (2616),2023,5,19,162,17.6,99.9,3
153230010,FASTY,Supraśl (2616),2023,5,20,154,15.8,99.9,3
153230010,FASTY,Supraśl (2616),2023,5,21,150,15,99.9,3
153230010,FASTY,Supraśl (2616),2023,5,22,144,13.7,99.9,3
153230010,FASTY,Supraśl (2616),2023,5,23,142,13.4,99.9,3
153230010,FASTY,Supraśl (2616),2023,5,24,143,13.5,99.9,3
153230010,FASTY,Supraśl (2616),2023,5,25,156,16.2,99.9,3
153230010,FASTY,Supraśl (2616),2023,5,26,156,16.2,99.9,3
153230010,FASTY,Supraśl (2616),2023,5,27,158,16.7,99.9,3
153230010,FASTY,Supraśl (2616),2023,5,28,159,16.9,99.9,3
153230010,FASTY,Supraśl (2616),2023,5,29,158,16.7,99.9,3
153230010,FASTY,Supraśl (2616),2023,5,30,154,15.9,99.9,3
153230010,FASTY,Supraśl (2616),2023,5,31,153,15.6,99.9,3
153230010,FASTY,Supraśl (2616),2023,6,1,160,17.3,99.9,4
153230010,FASTY,Supraśl (2616),2023,6,2,167,18.8,99.9,4
153230010,FASTY,Supraśl (2616),2023,6,3,166,18.5,99.9,4
153230010,FASTY,Supraśl (2616),2023,6,4,166,18.4,99.9,4
153230010,FASTY,Supraśl (2616),2023,6,5,166,18.4,99.9,4
153230010,FASTY,Supraśl (2616),2023,6,6,162,17.6,99.9,4
153230010,FASTY,Supraśl (2616),2023,6,7,155,16.1,99.9,4
153230010,FASTY,Supraśl (2616),2023,6,8,148,14.6,99.9,4
153230010,FASTY,Supraśl (2616),2023,6,9,144,13.8,99.9,4
153230010,FASTY,Supraśl (2616),2023,6,10,143,13.4,99.9,4
153230010,FASTY,Supraśl (2616),2023,6,11,140,13,99.9,4
153230010,FASTY,Supraśl (2616),2023,6,12,139,12.6,99.9,4
153230010,FASTY,Supraśl (2616),2023,6,13,136,12.2,99.9,4
153230010,FASTY,Supraśl (2616),2023,6,14,134,11.6,99.9,4
153230010,FASTY,Supraśl (2616),2023,6,15,133,11.6,99.9,4
153230010,FASTY,Supraśl (2616),2023,6,16,136,12,99.9,4
153230010,FASTY,Supraśl (2616),2023,6,17,136,12.1,99.9,4
153230010,FASTY,Supraśl (2616),2023,6,18,137,12.4,99.9,4
153230010,FASTY,Supraśl (2616),2023,6,19,135,11.9,99.9,4
153230010,FASTY,Supraśl (2616),2023,6,20,131,11.2,99.9,4
153230010,FASTY,Supraśl (2616),2023,6,21,128,10.5,99.9,4
153230010,FASTY,Supraśl (2616),2023,6,22,124,9.88,99.9,4
153230010,FASTY,Supraśl (2616),2023,6,23,122,9.4,99.9,4
153230010,FASTY,Supraśl (2616),2023,6,24,119,8.9,99.9,4
153230010,FASTY,Supraśl (2616),2023,6,25,118,8.69,99.9,4
153230010,FASTY,Supraśl (2616),2023,6,26,128,10.6,99.9,4
153230010,FASTY,Supraśl (2616),2023,6,27,132,11.3,99.9,4
153230010,FASTY,Supraśl (2616),2023,6,28,134,11.6,99.9,4
153230010,FASTY,Supraśl (2616),2023,6,29,132,11.2,99.9,4
153230010,FASTY,Supraśl (2616),2023,6,30,128,10.6,99.9,4
153230010,FASTY,Supraśl (2616),2023,7,1,124,9.89,99.9,5
153230010,FASTY,Supraśl (2616),2023,7,2,122,9.5,99.9,5
153230010,FASTY,Supraśl (2616),2023,7,3,120,9.01,99.9,5
153230010,FASTY,Supraśl (2616),2023,7,4,118,8.51,99.9,5
153230010,FASTY,Supraśl (2616),2023,7,5,117,8.19,99.9,5
153230010,FASTY,Supraśl (2616),2023,7,6,116,7.89,99.9,5
153230010,FASTY,Supraśl (2616),2023,7,7,115,7.63,99.9,5
153230010,FASTY,Supraśl (2616),2023,7,8,114,7.34,99.9,5
153230010,FASTY,Supraśl (2616),2023,7,9,111,6.82,99.9,5
153230010,FASTY,Supraśl (2616),2023,7,10,107,6.28,99.9,5
153230010,FASTY,Supraśl (2616),2023,7,11,111,6.65,99.9,5
153230010,FASTY,Supraśl (2616),2023,7,12,108,6.17,99.9,5
153230010,FASTY,Supraśl (2616),2023,7,13,109,6.11,99.9,5
153230010,FASTY,Supraśl (2616),2023,7,14,109,6.08,99.9,5
153230010,FASTY,Supraśl (2616),2023,7,15,111,6.23,99.9,5
153230010,FASTY,Supraśl (2616),2023,7,16,114,6.51,99.9,5
153230010,FASTY,Supraśl (2616),2023,7,17,126,8.04,99.9,5
153230010,FASTY,Supraśl (2616),2023,7,18,139,9.71,99.9,5
153230010,FASTY,Supraśl (2616),2023,7,19,140,9.79,99.9,5
153230010,FASTY,Supraśl (2616),2023,7,20,146,10.4,99.9,5
153230010,FASTY,Supraśl (2616),2023,7,21,143,9.73,99.9,5
153230010,FASTY,Supraśl (2616),2023,7,22,136,8.62,99.9,5
153230010,FASTY,Supraśl (2616),2023,7,23,131,7.81,99.9,5
153230010,FASTY,Supraśl (2616),2023,7,24,127,7.05,99.9,5
153230010,FASTY,Supraśl (2616),2023,7,25,125,6.69,99.9,5
153230010,FASTY,Supraśl (2616),2023,7,26,124,6.43,99.9,5
153230010,FASTY,Supraśl (2616),2023,7,27,121,5.94,99.9,5
153230010,FASTY,Supraśl (2616),2023,7,28,120,5.67,99.9,5
153230010,FASTY,Supraśl (2616),2023,7,29,117,5.2,99.9,5
153230010,FASTY,Supraśl (2616),2023,7,30,115,4.95,99.9,5
153230010,FASTY,Supraśl (2616),2023,7,31,118,5.28,99.9,5
153230010,FASTY,Supraśl (2616),2023,8,1,116,5.06,99.9,6
153230010,FASTY,Supraśl (2616),2023,8,2,116,4.99,99.9,6
153230010,FASTY,Supraśl (2616),2023,8,3,119,5.24,99.9,6
153230010,FASTY,Supraśl (2616),2023,8,4,119,5.3,99.9,6
153230010,FASTY,Supraśl (2616),2023,8,5,120,5.34,99.9,6
153230010,FASTY,Supraśl (2616),2023,8,6,121,5.38,99.9,6
153230010,FASTY,Supraśl (2616),2023,8,7,122,5.45,99.9,6
153230010,FASTY,Supraśl (2616),2023,8,8,125,5.82,99.9,6
153230010,FASTY,Supraśl (2616),2023,8,9,125,5.74,99.9,6
153230010,FASTY,Supraśl (2616),2023,8,10,124,5.62,99.9,6
153230010,FASTY,Supraśl (2616),2023,8,11,123,5.52,99.9,6
153230010,FASTY,Supraśl (2616),2023,8,12,121,5.28,99.9,6
153230010,FASTY,Supraśl (2616),2023,8,13,129,6.06,99.9,6
153230010,FASTY,Supraśl (2616),2023,8,14,132,6.34,99.9,6
153230010,FASTY,Supraśl (2616),2023,8,15,130,6.16,99.9,6
153230010,FASTY,Supraśl (2616),2023,8,16,129,6.01,99.9,6
153230010,FASTY,Supraśl (2616),2023,8,17,160,9.61,99.9,6
153230010,FASTY,Supraśl (2616),2023,8,18,158,9.14,99.9,6
153230010,FASTY,Supraśl (2616),2023,8,19,158,9.17,99.9,6
153230010,FASTY,Supraśl (2616),2023,8,20,159,9.33,99.9,6
153230010,FASTY,Supraśl (2616),2023,8,21,160,9.34,99.9,6
153230010,FASTY,Supraśl (2616),2023,8,22,161,9.34,99.9,6
153230010,FASTY,Supraśl (2616),2023,8,23,162,9.43,99.9,6
153230010,FASTY,Supraśl (2616),2023,8,24,155,8.66,99.9,6
153230010,FASTY,Supraśl (2616),2023,8,25,153,8.36,99.9,6
153230010,FASTY,Supraśl (2616),2023,8,26,156,8.61,99.9,6
153230010,FASTY,Supraśl (2616),2023,8,27,153,8.24,99.9,6
153230010,FASTY,Supraśl (2616),2023,8,28,154,8.45,99.9,6
153230010,FASTY,Supraśl (2616),2023,8,29,154,8.44,99.9,6
153230010,FASTY,Supraśl (2616),2023,8,30,154,8.32,99.9,6
153230010,FASTY,Supraśl (2616),2023,9,1,162,9.2,99.9,7
153230010,FASTY,Supraśl (2616),2023,9,2,158,8.71,99.9,7
153230010,FASTY,Supraśl (2616),2023,9,3,157,8.6,99.9,7
153230010,FASTY,Supraśl (2616),2023,9,4,156,8.41,99.9,7
153230010,FASTY,Supraśl (2616),2023,9,5,154,8.08,99.9,7
153230010,FASTY,Supraśl (2616),2023,9,6,153,7.98,99.9,7
153230010,FASTY,Supraśl (2616),2023,9,7,151,7.8,99.9,7
153230010,FASTY,Supraśl (2616),2023,9,8,149,7.53,99.9,7
153230010,FASTY,Supraśl (2616),2023,9,9,147,7.24,99.9,7
153230010,FASTY,Supraśl (2616),2023,9,10,147,7.15,99.9,7
153230010,FASTY,Supraśl (2616),2023,9,11,131,5.67,99.9,7
153230010,FASTY,Supraśl (2616),2023,9,12,137,6.14,99.9,7
153230010,FASTY,Supraśl (2616),2023,9,13,145,6.84,99.9,7
153230010,FASTY,Supraśl (2616),2023,9,14,143,6.68,99.9,7
153230010,FASTY,Supraśl (2616),2023,9,15,144,6.71,99.9,7
153230010,FASTY,Supraśl (2616),2023,9,16,143,6.55,99.9,7
153230010,FASTY,Supraśl (2616),2023,9,17,142,6.43,99.9,7
153230010,FASTY,Supraśl (2616),2023,9,18,157,7.9,99.9,7
153230010,FASTY,Supraśl (2616),2023,9,19,154,7.64,99.9,7
153230010,FASTY,Supraśl (2616),2023,9,20,154,7.6,99.9,7
153230010,FASTY,Supraśl (2616),2023,9,21,155,7.58,99.9,7
153230010,FASTY,Supraśl (2616),2023,9,22,162,8.25,99.9,7
153230010,FASTY,Supraśl (2616),2023,9,23,160,8.08,99.9,7
153230010,FASTY,Supraśl (2616),2023,9,24,156,7.56,99.9,7
153230010,FASTY,Supraśl (2616),2023,9,25,156,7.46,99.9,7
153230010,FASTY,Supraśl (2616),2023,9,26,154,7.31,99.9,7
153230010,FASTY,Supraśl (2616),2023,9,27,158,7.71,99.9,7
153230010,FASTY,Supraśl (2616),2023,9,28,157,7.54,99.9,7
153230010,FASTY,Supraśl (2616),2023,9,29,170,8.74,99.9,7
153230010,FASTY,Supraśl (2616),2023,9,30,164,8.16,99.9,7
153230010,FASTY,Supraśl (2616),2023,9,31,162,7.89,99.9,7
153230010,FASTY,Supraśl (2616),2023,10,1,161,7.84,99.9,8
153230010,FASTY,Supraśl (2616),2023,10,2,162,8.04,99.9,8
153230010,FASTY,Supraśl (2616),2023,10,3,160,7.94,99.9,8
153230010,FASTY,Supraśl (2616),2023,10,4,158,7.88,99.9,8
153230010,FASTY,Supraśl (2616),2023,10,5,162,8.33,99.9,8
153230010,FASTY,Supraśl (2616),2023,10,6,173,9.58,99.9,8
153230010,FASTY,Supraśl (2616),2023,10,7,178,10.2,99.9,8
153230010,FASTY,Supraśl (2616),2023,10,8,170,9.42,99.9,8
153230010,FASTY,Supraśl (2616),2023,10,9,164,8.86,99.9,8
153230010,FASTY,Supraśl (2616),2023,10,10,167,9.22,99.9,8
153230010,FASTY,Supraśl (2616),2023,10,11,162,8.81,99.9,8
153230010,FASTY,Supraśl (2616),2023,10,12,160,8.6,99.9,8
153230010,FASTY,Supraśl (2616),2023,10,13,158,8.45,99.9,8
153230010,FASTY,Supraśl (2616),2023,10,14,156,8.29,99.9,8
153230010,FASTY,Supraśl (2616),2023,10,15,155,8.2,99.9,8
153230010,FASTY,Supraśl (2616),2023,10,16,145,7.23,99.9,8
153230010,FASTY,Supraśl (2616),2023,10,17,148,7.64,99.9,8
153230010,FASTY,Supraśl (2616),2023,10,18,157,8.72,99.9,8
153230010,FASTY,Supraśl (2616),2023,10,19,149,7.93,99.9,8
153230010,FASTY,Supraśl (2616),2023,10,20,146,7.67,99.9,8
153230010,FASTY,Supraśl (2616),2023,10,21,147,7.77,99.9,8
153230010,FASTY,Supraśl (2616),2023,10,22,144,7.42,99.9,8
153230010,FASTY,Supraśl (2616),2023,10,23,142,7.36,99.9,8
153230010,FASTY,Supraśl (2616),2023,10,24,141,7.24,99.9,8
153230010,FASTY,Supraśl (2616),2023,10,25,140,7.23,99.9,8
153230010,FASTY,Supraśl (2616),2023,10,26,141,7.34,99.9,8
153230010,FASTY,Supraśl (2616),2023,10,27,140,7.36,99.9,8
153230010,FASTY,Supraśl (2616),2023,10,28,139,7.19,99.9,8
153230010,FASTY,Supraśl (2616),2023,10,29,139,7.22,99.9,8
153230010,FASTY,Supraśl (2616),2023,10,30,147,8.35,99.9,8
153230010,FASTY,Supraśl (2616),2023,10,31,141,7.6,99.9,8
153230010,FASTY,Supraśl (2616),2023,11,1,140,7.61,99.9,9
153230010,FASTY,Supraśl (2616),2023,11,2,140,7.67,99.9,9
153230010,FASTY,Supraśl (2616),2023,11,3,139,7.67,99.9,9
153230010,FASTY,Supraśl (2616),2023,11,4,139,7.58,99.9,9
153230010,FASTY,Supraśl (2616),2023,11,5,138,7.51,99.9,9
153230010,FASTY,Supraśl (2616),2023,11,6,137,7.52,99.9,9
153230010,FASTY,Supraśl (2616),2023,11,7,130,6.68,99.9,9
153230010,FASTY,Supraśl (2616),2023,11,8,133,7.07,99.9,9
153230010,FASTY,Supraśl (2616),2023,11,9,133,7.11,99.9,9
153230010,FASTY,Supraśl (2616),2023,11,10,131,7.03,99.9,9
153230010,FASTY,Supraśl (2616),2023,11,11,128,6.66,99.9,9
153230010,FASTY,Supraśl (2616),2023,11,12,129,6.79,99.9,9
153230010,FASTY,Supraśl (2616),2023,11,13,128,6.77,99.9,9
153230010,FASTY,Supraśl (2616),2023,11,14,131,7.13,99.9,9
153230010,FASTY,Supraśl (2616),2023,11,15,129,6.92,99.9,9
153230010,FASTY,Supraśl (2616),2023,11,16,127,6.81,99.9,9
153230010,FASTY,Supraśl (2616),2023,11,17,127,6.79,99.9,9
153230010,FASTY,Supraśl (2616),2023,11,18,127,6.83,99.9,9
153230010,FASTY,Supraśl (2616),2023,11,19,126,6.81,99.9,9
153230010,FASTY,Supraśl (2616),2023,11,20,130,7.34,99.9,9
153230010,FASTY,Supraśl (2616),2023,11,21,126,6.8,99.9,9
153230010,FASTY,Supraśl (2616),2023,11,22,124,6.69,99.9,9
153230010,FASTY,Supraśl (2616),2023,11,23,123,6.55,99.9,9
153230010,FASTY,Supraśl (2616),2023,11,24,126,6.96,99.9,9
153230010,FASTY,Supraśl (2616),2023,11,25,124,6.78,99.9,9
153230010,FASTY,Supraśl (2616),2023,11,26,122,6.63,99.9,9
153230010,FASTY,Supraśl (2616),2023,11,27,121,6.52,99.9,9
153230010,FASTY,Supraśl (2616),2023,11,28,121,6.56,99.9,9
153230010,FASTY,Supraśl (2616),2023,11,29,118,6.23,99.9,9
153230010,FASTY,Supraśl (2616),2023,11,30,117,6.17,99.9,9
153230010,FASTY,Supraśl (2616),2023,12,1,118,6.29,99.9,10
153230010,FASTY,Supraśl (2616),2023,12,2,116,6.09,99.9,10
153230010,FASTY,Supraśl (2616),2023,12,3,116,6.21,99.9,10
153230010,FASTY,Supraśl (2616),2023,12,4,116,6.16,99.9,10
153230010,FASTY,Supraśl (2616),2023,12,5,114,5.92,99.9,10
153230010,FASTY,Supraśl (2616),2023,12,6,114,5.99,99.9,10
153230010,FASTY,Supraśl (2616),2023,12,7,115,6.1,99.9,10
153230010,FASTY,Supraśl (2616),2023,12,8,112,5.88,99.9,10
153230010,FASTY,Supraśl (2616),2023,12,9,111,5.79,99.9,10
153230010,FASTY,Supraśl (2616),2023,12,10,110,5.75,99.9,10
153230010,FASTY,Supraśl (2616),2023,12,11,120,6.97,99.9,10
153230010,FASTY,Supraśl (2616),2023,12,12,113,6.07,99.9,10
153230010,FASTY,Supraśl (2616),2023,12,13,111,5.93,99.9,10
153230010,FASTY,Supraśl (2616),2023,12,14,110,5.76,99.9,10
153230010,FASTY,Supraśl (2616),2023,12,15,111,5.97,99.9,10
153230010,FASTY,Supraśl (2616),2023,12,16,110,5.88,99.9,10
153230010,FASTY,Supraśl (2616),2023,12,17,109,5.81,99.9,10
153230010,FASTY,Supraśl (2616),2023,12,18,109,5.76,99.9,10
153230010,FASTY,Supraśl (2616),2023,12,19,108,5.66,99.9,10
153230010,FASTY,Supraśl (2616),2023,12,20,113,6.32,99.9,10
153230010,FASTY,Supraśl (2616),2023,12,21,121,7.42,99.9,10
153230010,FASTY,Supraśl (2616),2023,12,22,137,10.1,99.9,10
153230010,FASTY,Supraśl (2616),2023,12,23,148,11.8,99.9,10
153230010,FASTY,Supraśl (2616),2023,12,24,136,9.84,99.9,10
153230010,FASTY,Supraśl (2616),2023,12,25,140,10.7,99.9,10
153230010,FASTY,Supraśl (2616),2023,12,26,150,12.3,99.9,10
153230010,FASTY,Supraśl (2616),2023,12,27,149,12.2,99.9,10
153230010,FASTY,Supraśl (2616),2023,12,28,149,12.3,99.9,10
153230010,FASTY,Supraśl (2616),2023,12,29,144,11.5,99.9,10
153230010,FASTY,Supraśl (2616),2023,12,30,139,10.8,99.9,10
153230010,FASTY,Supraśl (2616),2023,12,31,137,10.4,99.9,10
153180030,BOŻEPOLE SZLACHECKIE,Wierzyca (298),2023,1,1,78,1.78,99.9,11
153180030,BOŻEPOLE SZLACHECKIE,Wierzyca (298),2023,1,2,77,1.6,99.9,11
153180030,BOŻEPOLE SZLACHECKIE,Wierzyca (298),2023,1,3,79,1.65,99.9,11
153180030,BOŻEPOLE SZLACHECKIE,Wierzyca (298),2023,1,4,78,1.64,99.9,11
153180030,BOŻEPOLE SZLACHECKIE,Wierzyca (298),2023,1,5,76,1.6,99.9,11
153180030,BOŻEPOLE SZLACHECKIE,Wierzyca (298),2023,1,6,75,1.59,99.9,11
153180030,BOŻEPOLE SZLACHECKIE,Wierzyca (298),2023,1,7,74,1.57,99.9,11
153180030,BOŻEPOLE SZLACHECKIE,Wierzyca (298),2023,1,8,72,1.55,99.9,11
153180030,BOŻEPOLE SZLACHECKIE,Wierzyca (298),2023,1,9,74,1.62,99.9,11
153180030,BOŻEPOLE SZLACHECKIE,Wierzyca (298),2023,1,10,82,1.83,99.9,11
153180030,BOŻEPOLE SZLACHECKIE,Wierzyca (298),2023,1,11,79,1.78,99.9,11
153180030,BOŻEPOLE SZLACHECKIE,Wierzyca (298),2023,1,12,76,1.71,99.9,11
153180030,BOŻEPOLE SZLACHECKIE,Wierzyca (298),2023,1,13,76,1.74,99.9,11
153180030,BOŻEPOLE SZLACHECKIE,Wierzyca (298),2023,1,14,73,1.67,99.9,11
153180030,BOŻEPOLE SZLACHECKIE,Wierzyca (298),2023,1,15,72,1.66,99.9,11
153180030,BOŻEPOLE SZLACHECKIE,Wierzyca (298),2023,1,16,71,1.65,99.9,11
153180030,BOŻEPOLE SZLACHECKIE,Wierzyca (298),2023,1,17,69,1.61,99.9,11
153180030,BOŻEPOLE SZLACHECKIE,Wierzyca (298),2023,1,18,68,1.61,99.9,11
153180030,BOŻEPOLE SZLACHECKIE,Wierzyca (298),2023,1,19,66,1.6,99.9,11
153180030,BOŻEPOLE SZLACHECKIE,Wierzyca (298),2023,1,20,68,1.64,99.9,11
153180030,BOŻEPOLE SZLACHECKIE,Wierzyca (298),2023,1,21,68,1.67,99.9,11
153180030,BOŻEPOLE SZLACHECKIE,Wierzyca (298),2023,1,22,68,1.69,99.9,11
153180030,BOŻEPOLE SZLACHECKIE,Wierzyca (298),2023,1,23,66,1.67,99.9,11
153180030,BOŻEPOLE SZLACHECKIE,Wierzyca (298),2023,1,24,66,1.68,99.9,11
153180030,BOŻEPOLE SZLACHECKIE,Wierzyca (298),2023,1,25,65,1.68,99.9,11
153180030,BOŻEPOLE SZLACHECKIE,Wierzyca (298),2023,1,26,64,1.68,99.9,11
153180030,BOŻEPOLE SZLACHECKIE,Wierzyca (298),2023,1,27,65,1.72,99.9,11
153180030,BOŻEPOLE SZLACHECKIE,Wierzyca (298),2023,1,28,64,1.72,99.9,11
153180030,BOŻEPOLE SZLACHECKIE,Wierzyca (298),2023,1,29,64,1.75,99.9,11
153180030,BOŻEPOLE SZLACHECKIE,Wierzyca (298),2023,1,30,61,1.71,99.9,11
153180030,BOŻEPOLE SZLACHECKIE,Wierzyca (298),2023,2,1,59,1.67,99.9,12
153180030,BOŻEPOLE SZLACHECKIE,Wierzyca (298),2023,2,2,58,1.68,99.9,12
153180030,BOŻEPOLE SZLACHECKIE,Wierzyca (298),2023,2,3,58,1.71,99.9,12
153180030,BOŻEPOLE SZLACHECKIE,Wierzyca (298),2023,2,4,58,1.73,99.9,12
153180030,BOŻEPOLE SZLACHECKIE,Wierzyca (298),2023,2,5,62,1.83,99.9,12
153180030,BOŻEPOLE SZLACHECKIE,Wierzyca (298),2023,2,6,64,1.91,99.9,12
153180030,BOŻEPOLE SZLACHECKIE,Wierzyca (298),2023,2,7,65,1.96,99.9,12
153180030,BOŻEPOLE SZLACHECKIE,Wierzyca (298),2023,2,8,64,1.96,99.9,12
153180030,BOŻEPOLE SZLACHECKIE,Wierzyca (298),2023,2,9,63,1.96,99.9,12
153180030,BOŻEPOLE SZLACHECKIE,Wierzyca (298),2023,2,10,63,2,99.9,12
153180030,BOŻEPOLE SZLACHECKIE,Wierzyca (298),2023,2,11,62,1.99,99.9,12
153180030,BOŻEPOLE SZLACHECKIE,Wierzyca (298),2023,2,12,62,2.11,99.9,12
153180030,BOŻEPOLE SZLACHECKIE,Wierzyca (298),2023,2,13,61,2.34,99.9,12
153180030,BOŻEPOLE SZLACHECKIE,Wierzyca (298),2023,2,14,58,2.14,99.9,12
153180030,BOŻEPOLE SZLACHECKIE,Wierzyca (298),2023,2,15,74,2.36,99.9,12
153180030,BOŻEPOLE SZLACHECKIE,Wierzyca (298),2023,2,16,69,2.27,99.9,12
153180030,BOŻEPOLE SZLACHECKIE,Wierzyca (298),2023,2,17,59,2.29,99.9,12
153180030,BOŻEPOLE SZLACHECKIE,Wierzyca (298),2023,2,18,56,2.19,99.9,12
153180030,BOŻEPOLE SZLACHECKIE,Wierzyca (298),2023,2,19,63,2.08,99.9,12
153180030,BOŻEPOLE SZLACHECKIE,Wierzyca (298),2023,2,20,59,2.26,99.9,12
153180030,BOŻEPOLE SZLACHECKIE,Wierzyca (298),2023,2,21,60,2.31,99.9,12
153180030,BOŻEPOLE SZLACHECKIE,Wierzyca (298),2023,2,22,60,2.32,99.9,12
153180030,BOŻEPOLE SZLACHECKIE,Wierzyca (298),2023,2,23,62,2.37,99.9,12
153180030,BOŻEPOLE SZLACHECKIE,Wierzyca (298),2023,2,24,59,2.27,99.9,12
153180030,BOŻEPOLE SZLACHECKIE,Wierzyca (298),2023,2,25,57,2.23,99.9,12
153180030,BOŻEPOLE SZLACHECKIE,Wierzyca (298),2023,2,26,65,2.48,99.9,12
153180030,BOŻEPOLE SZLACHECKIE,Wierzyca (298),2023,2,27,66,2.51,99.9,12
153180030,BOŻEPOLE SZLACHECKIE,Wierzyca (298),2023,2,28,65,2.48,99.9,12
153180030,BOŻEPOLE SZLACHECKIE,Wierzyca (298),2023,2,29,67,2.52,99.9,12
153180030,BOŻEPOLE SZLACHECKIE,Wierzyca (298),2023,2,30,72,2.64,99.9,12
153180030,BOŻEPOLE SZLACHECKIE,Wierzyca (298),2023,2,31,71,2.62,99.9,12
153180030,BOŻEPOLE SZLACHECKIE,Wierzyca (298),2023,3,1,72,2.64,99.9,1
153180030,BOŻEPOLE SZLACHECKIE,Wierzyca (298),2023,3,2,70,2.58,99.9,1
153180030,BOŻEPOLE SZLACHECKIE,Wierzyca (298),2023,3,3,66,2.49,99.9,1
153180030,BOŻEPOLE SZLACHECKIE,Wierzyca (298),2023,3,4,65,2.47,99.9,1
153180030,BOŻEPOLE SZLACHECKIE,Wierzyca (298),2023,3,5,71,2.61,99.9,1
153180030,BOŻEPOLE SZLACHECKIE,Wierzyca (298),2023,3,6,75,2.71,99.9,1
153180030,BOŻEPOLE SZLACHECKIE,Wierzyca (298),2023,3,7,73,2.66,99.9,1
153180030,BOŻEPOLE SZLACHECKIE,Wierzyca (298),2023,3,8,75,2.71,99.9,1
153180030,BOŻEPOLE SZLACHECKIE,Wierzyca (298),2023,3,9,75,2.72,99.9,1
153180030,BOŻEPOLE SZLACHECKIE,Wierzyca (298),2023,3,10,77,2.76,99.9,1
153180030,BOŻEPOLE SZLACHECKIE,Wierzyca (298),2023,3,11,74,2.7,99.9,1
153180030,BOŻEPOLE SZLACHECKIE,Wierzyca (298),2023,3,12,75,2.73,99.9,1
153180030,BOŻEPOLE SZLACHECKIE,Wierzyca (298),2023,3,13,76,2.75,99.9,1
153180030,BOŻEPOLE SZLACHECKIE,Wierzyca (298),2023,3,14,77,2.76,99.9,1
153180030,BOŻEPOLE SZLACHECKIE,Wierzyca (298),2023,3,15,78,2.8,99.9,1
153180030,BOŻEPOLE SZLACHECKIE,Wierzyca (298),2023,3,16,78,2.8,99.9,1
153180030,BOŻEPOLE SZLACHECKIE,Wierzyca (298),2023,3,17,77,2.77,99.9,1
153180030,BOŻEPOLE SZLACHECKIE,Wierzyca (298),2023,3,18,76,2.75,99.9,1
153180030,BOŻEPOLE SZLACHECKIE,Wierzyca (298),2023,3,19,75,2.73,99.9,1
153180030,BOŻEPOLE SZLACHECKIE,Wierzyca (298),2023,3,20,73,2.67,99.9,1
153180030,BOŻEPOLE SZLACHECKIE,Wierzyca (298),2023,3,21,73,2.66,99.9,1
153180030,BOŻEPOLE SZLACHECKIE,Wierzyca (298),2023,3,22,74,2.69,99.9,1
153180030,BOŻEPOLE SZLACHECKIE,Wierzyca (298),2023,3,23,74,2.68,99.9,1
153180030,BOŻEPOLE SZLACHECKIE,Wierzyca (298),2023,3,24,72,2.63,99.9,1
153180030,BOŻEPOLE SZLACHECKIE,Wierzyca (298),2023,3,25,70,2.58,99.9,1
153180030,BOŻEPOLE SZLACHECKIE,Wierzyca (298),2023,3,26,69,2.56,99.9,1
153180030,BOŻEPOLE SZLACHECKIE,Wierzyca (298),2023,3,27,68,2.54,99.9,1
153180030,BOŻEPOLE SZLACHECKIE,Wierzyca (298),2023,3,28,67,2.51,99.9,1
153180030,BOŻEPOLE SZLACHECKIE,Wierzyca (298),2023,3,29,66,2.5,99.9,1
153180030,BOŻEPOLE SZLACHECKIE,Wierzyca (298),2023,3,30,71,2.6,99.9,1
153180030,BOŻEPOLE SZLACHECKIE,Wierzyca (298),2023,3,31,74,2.71,99.9,1
153180030,BOŻEPOLE SZLACHECKIE,Wierzyca (298),2023,4,1,82,2.93,99.9,2
153180030,BOŻEPOLE SZLACHECKIE,Wierzyca (298),2023,4,2,91,3.26,99.9,2
153180030,BOŻEPOLE SZLACHECKIE,Wierzyca (298),2023,4,3,90,3.19,99.9,2
153180030,BOŻEPOLE SZLACHECKIE,Wierzyca (298),2023,4,4,94,3.38,99.9,2
153180030,BOŻEPOLE SZLACHECKIE,Wierzyca (298),2023,4,5,93,3.31,99.9,2
153180030,BOŻEPOLE SZLACHECKIE,Wierzyca (298),2023,4,6,91,3.26,99.9,2
153180030,BOŻEPOLE SZLACHECKIE,Wierzyca (298),2023,4,7,88,3.12,99.9,2
153180030,BOŻEPOLE SZLACHECKIE,Wierzyca (298),2023,4,8,85,3.04,99.9,2
153180030,BOŻEPOLE SZLACHECKIE,Wierzyca (298),2023,4,9,83,2.96,99.9,2
153180030,BOŻEPOLE SZLACHECKIE,Wierzyca (298),2023,4,10,82,2.92,99.9,2
153180030,BOŻEPOLE SZLACHECKIE,Wierzyca (298),2023,4,11,89,3.17,99.9,2
153180030,BOŻEPOLE SZLACHECKIE,Wierzyca (298),2023,4,12,94,3.4,99.9,2
153180030,BOŻEPOLE SZLACHECKIE,Wierzyca (298),2023,4,13,92,3.27,99.9,2
153180030,BOŻEPOLE SZLACHECKIE,Wierzyca (298),2023,4,14,89,3.19,99.9,2
153180030,BOŻEPOLE SZLACHECKIE,Wierzyca (298),2023,4,15,87,3.09,99.9,2
153180030,BOŻEPOLE SZLACHECKIE,Wierzyca (298),2023,4,16,85,3.04,99.9,2
153180030,BOŻEPOLE SZLACHECKIE,Wierzyca (298),2023,4,17,86,3.07,99.9,2
153180030,BOŻEPOLE SZLACHECKIE,Wierzyca (298),2023,4,18,92,3.27,99.9,2
153180030,BOŻEPOLE SZLACHECKIE,Wierzyca (298),2023,4,19,86,3.07,99.9,2
153180030,BOŻEPOLE SZLACHECKIE,Wierzyca (298),2023,4,20,87,3.09,99.9,2
153180030,BOŻEPOLE SZLACHECKIE,Wierzyca (298),2023,4,21,93,3.31,99.9,2
153180030,BOŻEPOLE SZLACHECKIE,Wierzyca (298),2023,4,22,89,3.15,99.9,2
153180030,BOŻEPOLE SZLACHECKIE,Wierzyca (298),2023,4,23,85,3.02,99.9,2
153180030,BOŻEPOLE SZLACHECKIE,Wierzyca (298),2023,4,24,81,2.89,99.9,2
153180030,BOŻEPOLE SZLACHECKIE,Wierzyca (298),2023,4,25,81,2.89,99.9,2
153180030,BOŻEPOLE SZLACHECKIE,Wierzyca (298),2023,4,26,80,2.86,99.9,2
153180030,BOŻEPOLE SZLACHECKIE,Wierzyca (298),2023,4,27,79,2.83,99.9,2
153180030,BOŻEPOLE SZLACHECKIE,Wierzyca (298),2023,4,28,80,2.85,99.9,2
153180030,BOŻEPOLE SZLACHECKIE,Wierzyca (298),2023,5,1,81,2.89,99.9,3
153180030,BOŻEPOLE SZLACHECKIE,Wierzyca (298),2023,5,2,80,2.85,99.9,3
153180030,BOŻEPOLE SZLACHECKIE,Wierzyca (298),2023,5,3,79,2.82,99.9,3
153180030,BOŻEPOLE SZLACHECKIE,Wierzyca (298),2023,5,4,78,2.8,99.9,3
153180030,BOŻEPOLE SZLACHECKIE,Wierzyca (298),2023,5,5,76,2.75,99.9,3
153180030,BOŻEPOLE SZLACHECKIE,Wierzyca (298),2023,5,6,75,2.73,99.9,3
153180030,BOŻEPOLE SZLACHECKIE,Wierzyca (298),2023,5,7,74,2.7,99.9,3
153180030,BOŻEPOLE SZLACHECKIE,Wierzyca (298),2023,5,8,73,2.68,99.9,3
153180030,BOŻEPOLE SZLACHECKIE,Wierzyca (298),2023,5,9,72,2.65,99.9,3
153180030,BOŻEPOLE SZLACHECKIE,Wierzyca (298),2023,5,10,72,2.65,99.9,3
153180030,BOŻEPOLE SZLACHECKIE,Wierzyca (298),2023,5,11,73,2.66,99.9,3
153180030,BOŻEPOLE SZLACHECKIE,Wierzyca (298),2023,5,12,73,2.66,99.9,3
153180030,BOŻEPOLE SZLACHECKIE,Wierzyca (298),2023,5,13,76,2.76,99.9,3
153180030,BOŻEPOLE SZLACHECKIE,Wierzyca (298),2023,5,14,86,3.08,99.9,3
153180030,BOŻEPOLE SZLACHECKIE,Wierzyca (298),2023,5,15,83,2.94,99.9,3
153180030,BOŻEPOLE SZLACHECKIE,Wierzyca (298),2023,5,16,79,2.82,99.9,3
153180030,BOŻEPOLE SZLACHECKIE,Wierzyca (298),2023,5,17,75,2.71,99.9,3
153180030,BOŻEPOLE SZLACHECKIE,Wierzyca (298),2023,5,18,71,2.6,99.9,3
153180030,BOŻEPOLE SZLACHECKIE,Wierzyca (298),2023,5,19,72,2.63,99.9,3
153180030,BOŻEPOLE SZLACHECKIE,Wierzyca (298),2023,5,20,70,2.58,99.9,3
153180030,BOŻEPOLE SZLACHECKIE,Wierzyca (298),2023,5,21,66,2.48,99.9,3
153180030,BOŻEPOLE SZLACHECKIE,Wierzyca (298),2023,5,22,65,2.47,99.9,3
153180030,BOŻEPOLE SZLACHECKIE,Wierzyca (298),2023,5,23,66,2.49,99.9,3
153180030,BOŻEPOLE SZLACHECKIE,Wierzyca (298),2023,5,24,68,2.55,99.9,3
153180030,BOŻEPOLE SZLACHECKIE,Wierzyca (298),2023,5,25,71,2.62,99.9,3
153180030,BOŻEPOLE SZLACHECKIE,Wierzyca (298),2023,5,26,77,2.77,99.9,3
153180030,BOŻEPOLE SZLACHECKIE,Wierzyca (298),2023,5,27,79,2.83,99.9,3
153180030,BOŻEPOLE SZLACHECKIE,Wierzyca (298),2023,5,28,78,2.79,99.9,3
153180030,BOŻEPOLE SZLACHECKIE,Wierzyca (298),2023,5,29,76,2.74,99.9,3
153180030,BOŻEPOLE SZLACHECKIE,Wierzyca (298),2023,5,30,74,2.68,99.9,3
153180030,BOŻEPOLE SZLACHECKIE,Wierzyca (298),2023,5,31,76,2.74,99.9,3
153180030,BOŻEPOLE SZLACHECKIE,Wierzyca (298),2023,6,1,74,2.68,99.9,4
153180030,BOŻEPOLE SZLACHECKIE,Wierzyca (298),2023,6,2,72,2.64,99.9,4
153180030,BOŻEPOLE SZLACHECKIE,Wierzyca (298),2023,6,3,71,2.61,99.9,4
153180030,BOŻEPOLE SZLACHECKIE,Wierzyca (298),2023,6,4,71,2.61,99.9,4
153180030,BOŻEPOLE SZLACHECKIE,Wierzyca (298),2023,6,5,67,2.52,99.9,4
153180030,BOŻEPOLE SZLACHECKIE,Wierzyca (298),2023,6,6,67,2.51,99.9,4
153180030,BOŻEPOLE SZLACHECKIE,Wierzyca (298),2023,6,7,68,2.53,99.9,4
153180030,BOŻEPOLE SZLACHECKIE,Wierzyca (298),2023,6,8,65,2.47,99.9,4
153180030,BOŻEPOLE SZLACHECKIE,Wierzyca (298),2023,6,9,65,2.46,99.9,4
153180030,BOŻEPOLE SZLACHECKIE,Wierzyca (298),2023,6,10,64,2.44,99.9,4
153180030,BOŻEPOLE SZLACHECKIE,Wierzyca (298),2023,6,11,64,2.43,99.9,4
153180030,BOŻEPOLE SZLACHECKIE,Wierzyca (298),2023,6,12,67,2.51,99.9,4
153180030,BOŻEPOLE SZLACHECKIE,Wierzyca (298),2023,6,13,68,2.53,99.9,4
153180030,BOŻEPOLE SZLACHECKIE,Wierzyca (298),2023,6,14,66,2.49,99.9,4
153180030,BOŻEPOLE SZLACHECKIE,Wierzyca (298),2023,6,15,65,2.47,99.9,4
153180030,BOŻEPOLE SZLACHECKIE,Wierzyca (298),2023,6,16,67,2.51,99.9,4
153180030,BOŻEPOLE SZLACHECKIE,Wierzyca (298),2023,6,17,66,2.49,99.9,4
153180030,BOŻEPOLE SZLACHECKIE,Wierzyca (298),2023,6,18,65,2.46,99.9,4
153180030,BOŻEPOLE SZLACHECKIE,Wierzyca (298),2023,6,19,65,2.47,99.9,4
153180030,BOŻEPOLE SZLACHECKIE,Wierzyca (298),2023,6,20,65,2.45,99.9,4
153180030,BOŻEPOLE SZLACHECKIE,Wierzyca (298),2023,6,21,62,2.39,99.9,4
153180030,BOŻEPOLE SZLACHECKIE,Wierzyca (298),2023,6,22,60,2.32,99.9,4
153180030,BOŻEPOLE SZLACHECKIE,Wierzyca (298),2023,6,23,58,2.27,99.9,4
153180030,BOŻEPOLE SZLACHECKIE,Wierzyca (298),2023,6,24,58,2.28,99.9,4
153180030,BOŻEPOLE SZLACHECKIE,Wierzyca (298),2023,6,25,57,2.25,99.9,4
153180030,BOŻEPOLE SZLACHECKIE,Wierzyca (298),2023,6,26,57,2.26,99.9,4
153180030,BOŻEPOLE SZLACHECKIE,Wierzyca (298),2023,6,27,57,2.24,99.9,4
153180030,BOŻEPOLE SZLACHECKIE,Wierzyca (298),2023,6,28,54,2.18,99.9,4
153180030,BOŻEPOLE SZLACHECKIE,Wierzyca (298),2023,6,29,54,2.17,99.9,4
153180030,BOŻEPOLE SZLACHECKIE,Wierzyca (298),2023,6,30,54,2.17,99.9,4
153180030,BOŻEPOLE SZLACHECKIE,Wierzyca (298),2023,7,1,52,2.13,99.9,5
153180030,BOŻEPOLE SZLACHECKIE,Wierzyca (298),2023,7,2,51,2.09,99.9,5
153180030,BOŻEPOLE SZLACHECKIE,Wierzyca (298),2023,7,3,50,2.08,99.9,5
153180030,BOŻEPOLE SZLACHECKIE,Wierzyca (298),2023,7,4,49,2.04,99.9,5
153180030,BOŻEPOLE SZLACHECKIE,Wierzyca (298),2023,7,5,48,2.02,99.9,5
153180030,BOŻEPOLE SZLACHECKIE,Wierzyca (298),2023,7,6,48,2.02,99.9,5
153180030,BOŻEPOLE SZLACHECKIE,Wierzyca (298),2023,7,7,47,1.96,99.9,5
153180030,BOŻEPOLE SZLACHECKIE,Wierzyca (298),2023,7,8,46,1.95,99.9,5
153180030,BOŻEPOLE SZLACHECKIE,Wierzyca (298),2023,7,9,45,1.91,99.9,5
153180030,BOŻEPOLE SZLACHECKIE,Wierzyca (298),2023,7,10,43,1.85,99.9,5
153180030,BOŻEPOLE SZLACHECKIE,Wierzyca (298),2023,7,11,43,1.84,99.9,5
153180030,BOŻEPOLE SZLACHECKIE,Wierzyca (298),2023,7,12,43,1.83,99.9,5
153180030,BOŻEPOLE SZLACHECKIE,Wierzyca (298),2023,7,13,43,1.81,99.9,5
153180030,BOŻEPOLE SZLACHECKIE,Wierzyca (298),2023,7,14,43,1.78,99.9,5
153180030,BOŻEPOLE SZLACHECKIE,Wierzyca (298),2023,7,15,48,1.87,99.9,5
153180030,BOŻEPOLE SZLACHECKIE,Wierzyca (298),2023,7,16,52,1.94,99.9,5
153180030,BOŻEPOLE SZLACHECKIE,Wierzyca (298),2023,7,17,50,1.91,99.9,5
153180030,BOŻEPOLE SZLACHECKIE,Wierzyca (298),2023,7,18,49,1.86,99.9,5
153180030,BOŻEPOLE SZLACHECKIE,Wierzyca (298),2023,7,19,48,1.82,99.9,5
153180030,BOŻEPOLE SZLACHECKIE,Wierzyca (298),2023,7,20,48,1.79,99.9,5
153180030,BOŻEPOLE SZLACHECKIE,Wierzyca (298),2023,7,21,47,1.75,99.9,5
153180030,BOŻEPOLE SZLACHECKIE,Wierzyca (298),2023,7,22,46,1.72,99.9,5
153180030,BOŻEPOLE SZLACHECKIE,Wierzyca (298),2023,7,23,48,1.73,99.9,5
153180030,BOŻEPOLE SZLACHECKIE,Wierzyca (298),2023,7,24,46,1.67,99.9,5
153180030,BOŻEPOLE SZLACHECKIE,Wierzyca (298),2023,7,25,47,1.66,99.9,5
153180030,BOŻEPOLE SZLACHECKIE,Wierzyca (298),2023,7,26,48,1.67,99.9,5
153180030,BOŻEPOLE SZLACHECKIE,Wierzyca (298),2023,7,27,47,1.64,99.9,5
153180030,BOŻEPOLE SZLACHECKIE,Wierzyca (298),2023,7,28,47,1.62,99.9,5
153180030,BOŻEPOLE SZLACHECKIE,Wierzyca (298),2023,7,29,47,1.6,99.9,5
153180030,BOŻEPOLE SZLACHECKIE,Wierzyca (298),2023,7,30,45,1.54,99.9,5
153180030,BOŻEPOLE SZLACHECKIE,Wierzyca (298),2023,7,31,45,1.52,99.9,5
153180030,BOŻEPOLE SZLACHECKIE,Wierzyca (298),2023,8,1,44,1.48,99.9,6
153180030,BOŻEPOLE SZLACHECKIE,Wierzyca (298),2023,8,2,44,1.46,99.9,6
153180030,BOŻEPOLE SZLACHECKIE,Wierzyca (298),2023,8,3,44,1.43,99.9,6
153180030,BOŻEPOLE SZLACHECKIE,Wierzyca (298),2023,8,4,43,1.4,99.9,6
153180030,BOŻEPOLE SZLACHECKIE,Wierzyca (298),2023,8,5,42,1.36,99.9,6
153180030,BOŻEPOLE SZLACHECKIE,Wierzyca (298),2023,8,6,43,1.36,99.9,6
153180030,BOŻEPOLE SZLACHECKIE,Wierzyca (298),2023,8,7,43,1.35,99.9,6
153180030,BOŻEPOLE SZLACHECKIE,Wierzyca (298),2023,8,8,44,1.34,99.9,6
153180030,BOŻEPOLE SZLACHECKIE,Wierzyca (298),2023,8,9,44,1.33,99.9,6
153180030,BOŻEPOLE SZLACHECKIE,Wierzyca (298),2023,8,10,44,1.31,99.9,6
153180030,BOŻEPOLE SZLACHECKIE,Wierzyca (298),2023,8,11,45,1.29,99.9,6
153180030,BOŻEPOLE SZLACHECKIE,Wierzyca (298),2023,8,12,43,1.26,99.9,6
153180030,BOŻEPOLE SZLACHECKIE,Wierzyca (298),2023,8,13,43,1.24,99.9,6
153180030,BOŻEPOLE SZLACHECKIE,Wierzyca (298),2023,8,14,44,1.24,99.9,6
153180030,BOŻEPOLE SZLACHECKIE,Wierzyca (298),2023,8,15,46,1.25,99.9,6
153180030,BOŻEPOLE SZLACHECKIE,Wierzyca (298),2023,8,16,47,1.25,99.9,6
153180030,BOŻEPOLE SZLACHECKIE,Wierzyca (298),2023,8,17,49,1.26,99.9,6
153180030,BOŻEPOLE SZLACHECKIE,Wierzyca (298),2023,8,18,50,1.25,99.9,6
153180030,BOŻEPOLE SZLACHECKIE,Wierzyca (298),2023,8,19,51,1.26,99.9,6
153180030,BOŻEPOLE SZLACHECKIE,Wierzyca (298),2023,8,20,53,1.26,99.9,6
153180030,BOŻEPOLE SZLACHECKIE,Wierzyca (298),2023,8,21,52,1.23,99.9,6
153180030,BOŻEPOLE SZLACHECKIE,Wierzyca (298),2023,8,22,51,1.2,99.9,6
153180030,BOŻEPOLE SZLACHECKIE,Wierzyca (298),2023,8,23,52,1.2,99.9,6
153180030,BOŻEPOLE SZLACHECKIE,Wierzyca (298),2023,8,24,52,1.19,99.9,6
153180030,BOŻEPOLE SZLACHECKIE,Wierzyca (298),2023,8,25,52,1.16,99.9,6
153180030,BOŻEPOLE SZLACHECKIE,Wierzyca (298),2023,8,26,52,1.14,99.9,6
153180030,BOŻEPOLE SZLACHECKIE,Wierzyca (298),2023,8,27,53,1.14,99.9,6
153180030,BOŻEPOLE SZLACHECKIE,Wierzyca (298),2023,8,28,55,1.15,99.9,6
153180030,BOŻEPOLE SZLACHECKIE,Wierzyca (298),2023,8,29,56,1.16,99.9,6
153180030,BOŻEPOLE SZLACHECKIE,Wierzyca (298),2023,8,30,57,1.14,99.9,6
153180030,BOŻEPOLE SZLACHECKIE,Wierzyca (298),2023,9,1,61,1.18,99.9,7
153180030,BOŻEPOLE SZLACHECKIE,Wierzyca (298),2023,9,2,62,1.18,99.9,7
153180030,BOŻEPOLE SZLACHECKIE,Wierzyca (298),2023,9,3,62,1.16,99.9,7
153180030,BOŻEPOLE SZLACHECKIE,Wierzyca (298),2023,9,4,62,1.14,99.9,7
153180030,BOŻEPOLE SZLACHECKIE,Wierzyca (298),2023,9,5,62,1.14,99.9,7
153180030,BOŻEPOLE SZLACHECKIE,Wierzyca (298),2023,9,6,62,1.12,99.9,7
153180030,BOŻEPOLE SZLACHECKIE,Wierzyca (298),2023,9,7,65,1.15,99.9,7
153180030,BOŻEPOLE SZLACHECKIE,Wierzyca (298),2023,9,8,65,1.12,99.9,7
153180030,BOŻEPOLE SZLACHECKIE,Wierzyca (298),2023,9,9,67,1.13,99.9,7
153180030,BOŻEPOLE SZLACHECKIE,Wierzyca (298),2023,9,10,67,1.12,99.9,7
153180030,BOŻEPOLE SZLACHECKIE,Wierzyca (298),2023,9,11,71,1.15,99.9,7
153180030,BOŻEPOLE SZLACHECKIE,Wierzyca (298),2023,9,12,72,1.16,99.9,7
153180030,BOŻEPOLE SZLACHECKIE,Wierzyca (298),2023,9,13,74,1.15,99.9,7
153180030,BOŻEPOLE SZLACHECKIE,Wierzyca (298),2023,9,14,75,1.16,99.9,7
153180030,BOŻEPOLE SZLACHECKIE,Wierzyca (298),2023,9,15,76,1.15,99.9,7
153180030,BOŻEPOLE SZLACHECKIE,Wierzyca (298),2023,9,16,77,1.16,99.9,7
153180030,BOŻEPOLE SZLACHECKIE,Wierzyca (298),2023,9,17,82,1.19,99.9,7
153180030,BOŻEPOLE SZLACHECKIE,Wierzyca (298),2023,9,18,81,1.17,99.9,7
153180030,BOŻEPOLE SZLACHECKIE,Wierzyca (298),2023,9,19,83,1.18,99.9,7
153180030,BOŻEPOLE SZLACHECKIE,Wierzyca (298),2023,9,20,85,1.21,99.9,7
153180030,BOŻEPOLE SZLACHECKIE,Wierzyca (298),2023,9,21,86,1.23,99.9,7
153180030,BOŻEPOLE SZLACHECKIE,Wierzyca (298),2023,9,22,88,1.25,99.9,7
153180030,BOŻEPOLE SZLACHECKIE,Wierzyca (298),2023,9,23,90,1.26,99.9,7
153180030,BOŻEPOLE SZLACHECKIE,Wierzyca (298),2023,9,24,93,1.28,99.9,7
153180030,BOŻEPOLE SZLACHECKIE,Wierzyca (298),2023,9,25,99,1.37,99.9,7
153180030,BOŻEPOLE SZLACHECKIE,Wierzyca (298),2023,9,26,100,1.39,99.9,7
153180030,BOŻEPOLE SZLACHECKIE,Wierzyca (298),2023,9,27,100,1.39,99.9,7
153180030,BOŻEPOLE SZLACHECKIE,Wierzyca (298),2023,9,28,101,1.39,99.9,7
153180030,BOŻEPOLE SZLACHECKIE,Wierzyca (298),2023,9,29,102,1.39,99.9,7
153180030,BOŻEPOLE SZLACHECKIE,Wierzyca (298),2023,9,30,105,1.45,99.9,7
153180030,BOŻEPOLE SZLACHECKIE,Wierzyca (298),2023,9,31,105,1.46,99.9,7
153180030,BOŻEPOLE SZLACHECKIE,Wierzyca (298),2023,10,1,107,1.51,99.9,8
153180030,BOŻEPOLE SZLACHECKIE,Wierzyca (298),2023,10,2,108,1.5,99.9,8
153180030,BOŻEPOLE SZLACHECKIE,Wierzyca (298),2023,10,3,108,1.5,99.9,8
153180030,BOŻEPOLE SZLACHECKIE,Wierzyca (298),2023,10,4,109,1.51,99.9,8
153180030,BOŻEPOLE SZLACHECKIE,Wierzyca (298),2023,10,5,109,1.52,99.9,8
153180030,BOŻEPOLE SZLACHECKIE,Wierzyca (298),2023,10,6,112,1.59,99.9,8
153180030,BOŻEPOLE SZLACHECKIE,Wierzyca (298),2023,10,7,116,1.69,99.9,8
153180030,BOŻEPOLE SZLACHECKIE,Wierzyca (298),2023,10,8,115,1.65,99.9,8
153180030,BOŻEPOLE SZLACHECKIE,Wierzyca (298),2023,10,9,115,1.65,99.9,8
153180030,BOŻEPOLE SZLACHECKIE,Wierzyca (298),2023,10,10,117,1.71,99.9,8
153180030,BOŻEPOLE SZLACHECKIE,Wierzyca (298),2023,10,11,118,1.68,99.9,8
153180030,BOŻEPOLE SZLACHECKIE,Wierzyca (298),2023,10,12,115,1.62,99.9,8
153180030,BOŻEPOLE SZLACHECKIE,Wierzyca (298),2023,10,13,119,1.7,99.9,8
153180030,BOŻEPOLE SZLACHECKIE,Wierzyca (298),2023,10,14,118,1.68,99.9,8
153180030,BOŻEPOLE SZLACHECKIE,Wierzyca (298),2023,10,15,111,1.53,99.9,8
153180030,BOŻEPOLE SZLACHECKIE,Wierzyca (298),2023,10,16,109,1.47,99.9,8
153180030,BOŻEPOLE SZLACHECKIE,Wierzyca (298),2023,10,17,110,1.5,99.9,8
153180030,BOŻEPOLE SZLACHECKIE,Wierzyca (298),2023,10,18,109,1.49,99.9,8
153180030,BOŻEPOLE SZLACHECKIE,Wierzyca (298),2023,10,19,108,1.48,99.9,8
153180030,BOŻEPOLE SZLACHECKIE,Wierzyca (298),2023,10,20,107,1.46,99.9,8
153180030,BOŻEPOLE SZLACHECKIE,Wierzyca (298),2023,10,21,106,1.45,99.9,8
153180030,BOŻEPOLE SZLACHECKIE,Wierzyca (298),2023,10,22,104,1.4,99.9,8
153180030,BOŻEPOLE SZLACHECKIE,Wierzyca (298),2023,10,23,100,1.32,99.9,8
153180030,BOŻEPOLE SZLACHECKIE,Wierzyca (298),2023,10,24,99,1.31,99.9,8
153180030,BOŻEPOLE SZLACHECKIE,Wierzyca (298),2023,10,25,100,1.32,99.9,8
153180030,BOŻEPOLE SZLACHECKIE,Wierzyca (298),2023,10,26,98,1.29,99.9,8
153180030,BOŻEPOLE SZLACHECKIE,Wierzyca (298),2023,10,27,100,1.32,99.9,8
153180030,BOŻEPOLE SZLACHECKIE,Wierzyca (298),2023,10,28,107,1.48,99.9,8
153180030,BOŻEPOLE SZLACHECKIE,Wierzyca (298),2023,10,29,107,1.46,99.9,8
153180030,BOŻEPOLE SZLACHECKIE,Wierzyca (298),2023,10,30,107,1.47,99.9,8
153180030,BOŻEPOLE SZLACHECKIE,Wierzyca (298),2023,10,31,109,1.51,99.9,8
153180030,BOŻEPOLE SZLACHECKIE,Wierzyca (298),2023,11,1,109,1.54,99.9,9
153180030,BOŻEPOLE SZLACHECKIE,Wierzyca (298),2023,11,2,108,1.54,99.9,9
153180030,BOŻEPOLE SZLACHECKIE,Wierzyca (298),2023,11,3,108,1.55,99.9,9
153180030,BOŻEPOLE SZLACHECKIE,Wierzyca (298),2023,11,4,107,1.5,99.9,9
153180030,BOŻEPOLE SZLACHECKIE,Wierzyca (298),2023,11,5,105,1.47,99.9,9
153180030,BOŻEPOLE SZLACHECKIE,Wierzyca (298),2023,11,6,105,1.46,99.9,9
153180030,BOŻEPOLE SZLACHECKIE,Wierzyca (298),2023,11,7,104,1.43,99.9,9
153180030,BOŻEPOLE SZLACHECKIE,Wierzyca (298),2023,11,8,102,1.4,99.9,9
153180030,BOŻEPOLE SZLACHECKIE,Wierzyca (298),2023,11,9,102,1.39,99.9,9
153180030,BOŻEPOLE SZLACHECKIE,Wierzyca (298),2023,11,10,103,1.43,99.9,9
153180030,BOŻEPOLE SZLACHECKIE,Wierzyca (298),2023,11,11,102,1.42,99.9,9
153180030,BOŻEPOLE SZLACHECKIE,Wierzyca (298),2023,11,12,100,1.39,99.9,9
153180030,BOŻEPOLE SZLACHECKIE,Wierzyca (298),2023,11,13,100,1.4,99.9,9
153180030,BOŻEPOLE SZLACHECKIE,Wierzyca (298),2023,11,14,99,1.37,99.9,9
153180030,BOŻEPOLE SZLACHECKIE,Wierzyca (298),2023,11,15,99,1.37,99.9,9
153180030,BOŻEPOLE SZLACHECKIE,Wierzyca (298),2023,11,16,99,1.37,99.9,9
153180030,BOŻEPOLE SZLACHECKIE,Wierzyca (298),2023,11,17,97,1.35,99.9,9
153180030,BOŻEPOLE SZLACHECKIE,Wierzyca (298),2023,11,18,97,1.38,99.9,9
153180030,BOŻEPOLE SZLACHECKIE,Wierzyca (298),2023,11,19,96,1.36,99.9,9
153180030,BOŻEPOLE SZLACHECKIE,Wierzyca (298),2023,11,20,96,1.36,99.9,9
153180030,BOŻEPOLE SZLACHECKIE,Wierzyca (298),2023,11,21,96,1.36,99.9,9
153180030,BOŻEPOLE SZLACHECKIE,Wierzyca (298),2023,11,22,95,1.35,99.9,9
153180030,BOŻEPOLE SZLACHECKIE,Wierzyca (298),2023,11,23,96,1.39,99.9,9
153180030,BOŻEPOLE SZLACHECKIE,Wierzyca (298),2023,11,24,97,1.4,99.9,9
153180030,BOŻEPOLE SZLACHECKIE,Wierzyca (298),2023,11,25,97,1.4,99.9,9
153180030,BOŻEPOLE SZLACHECKIE,Wierzyca (298),2023,11,26,95,1.38,99.9,9
153180030,BOŻEPOLE SZLACHECKIE,Wierzyca (298),2023,11,27,94,1.37,99.9,9
153180030,BOŻEPOLE SZLACHECKIE,Wierzyca (298),2023,11,28,95,1.41,99.9,9
153180030,BOŻEPOLE SZLACHECKIE,Wierzyca (298),2023,11,29,95,1.41,99.9,9
153180030,BOŻEPOLE SZLACHECKIE,Wierzyca (298),2023,11,30,95,1.4,99.9,9
153180030,BOŻEPOLE SZLACHECKIE,Wierzyca (298),2023,12,1,93,1.37,99.9,10
153180030,BOŻEPOLE SZLACHECKIE,Wierzyca (298),2023,12,2,93,1.39,99.9,10
153180030,BOŻEPOLE SZLACHECKIE,Wierzyca (298),2023,12,3,93,1.4,99.9,10
153180030,BOŻEPOLE SZLACHECKIE,Wierzyca (298),2023,12,4,92,1.38,99.9,10
153180030,BOŻEPOLE SZLACHECKIE,Wierzyca (298),2023,12,5,92,1.39,99.9,10
153180030,BOŻEPOLE SZLACHECKIE,Wierzyca (298),2023,12,6,92,1.39,99.9,10
153180030,BOŻEPOLE SZLACHECKIE,Wierzyca (298),2023,12,7,93,1.43,99.9,10
153180030,BOŻEPOLE SZLACHECKIE,Wierzyca (298),2023,12,8,89,1.37,99.9,10
153180030,BOŻEPOLE SZLACHECKIE,Wierzyca (298),2023,12,9,91,1.41,99.9,10
153180030,BOŻEPOLE SZLACHECKIE,Wierzyca (298),2023,12,10,90,1.42,99.9,10
153180030,BOŻEPOLE SZLACHECKIE,Wierzyca (298),2023,12,11,88,1.39,99.9,10
153180030,BOŻEPOLE SZLACHECKIE,Wierzyca (298),2023,12,12,91,1.43,99.9,10
153180030,BOŻEPOLE SZLACHECKIE,Wierzyca (298),2023,12,13,88,1.39,99.9,10
153180030,BOŻEPOLE SZLACHECKIE,Wierzyca (298),2023,12,14,89,1.43,99.9,10
153180030,BOŻEPOLE SZLACHECKIE,Wierzyca (298),2023,12,15,92,1.48,99.9,10
153180030,BOŻEPOLE SZLACHECKIE,Wierzyca (298),2023,12,16,91,1.48,99.9,10
153180030,BOŻEPOLE SZLACHECKIE,Wierzyca (298),2023,12,17,92,1.52,99.9,10
153180030,BOŻEPOLE SZLACHECKIE,Wierzyca (298),2023,12,18,96,1.6,99.9,10
153180030,BOŻEPOLE SZLACHECKIE,Wierzyca (298),2023,12,19,97,1.62,99.9,10
153180030,BOŻEPOLE SZLACHECKIE,Wierzyca (298),2023,12,20,94,1.58,99.9,10
153180030,BOŻEPOLE SZLACHECKIE,Wierzyca (298),2023,12,21,97,1.66,99.9,10
153180030,BOŻEPOLE SZLACHECKIE,Wierzyca (298),2023,12,22,100,1.76,99.9,10
153180030,BOŻEPOLE SZLACHECKIE,Wierzyca (298),2023,12,23,99,1.75,99.9,10
153180030,BOŻEPOLE SZLACHECKIE,Wierzyca (298),2023,12,24,97,1.72,99.9,10
153180030,BOŻEPOLE SZLACHECKIE,Wierzyca (298),2023,12,25,103,1.88,99.9,10
153180030,BOŻEPOLE SZLACHECKIE,Wierzyca (298),2023,12,26,104,1.96,99.9,10
153180030,BOŻEPOLE SZLACHECKIE,Wierzyca (298),2023,12,27,101,1.88,99.9,10
153180030,BOŻEPOLE SZLACHECKIE,Wierzyca (298),2023,12,28,99,1.85,99.9,10
153180030,BOŻEPOLE SZLACHECKIE,Wierzyca (298),2023,12,29,100,1.87,99.9,10
153180030,BOŻEPOLE SZLACHECKIE,Wierzyca (298),2023,12,30,98,1.87,99.9,10
153180030,BOŻEPOLE SZLACHECKIE,Wierzyca (298),2023,12,31,98,1.89,99.9,10
